--
-- PostgreSQL database dump
--

-- Dumped from database version 17.4 (Debian 17.4-1.pgdg120+2)
-- Dumped by pg_dump version 17.4 (Debian 17.4-1.pgdg120+2)

SET statement_timeout = 0;
SET lock_timeout = 0;
SET idle_in_transaction_session_timeout = 0;
SET transaction_timeout = 0;
SET client_encoding = 'UTF8';
SET standard_conforming_strings = on;
SELECT pg_catalog.set_config('search_path', '', false);
SET check_function_bodies = false;
SET xmloption = content;
SET client_min_messages = warning;
SET row_security = off;

SET default_tablespace = '';

SET default_table_access_method = heap;

--
-- Name: auth_group; Type: TABLE; Schema: public; Owner: postgres
--

CREATE TABLE public.auth_group (
    id integer NOT NULL,
    name character varying(150) NOT NULL
);


ALTER TABLE public.auth_group OWNER TO postgres;

--
-- Name: auth_group_id_seq; Type: SEQUENCE; Schema: public; Owner: postgres
--

ALTER TABLE public.auth_group ALTER COLUMN id ADD GENERATED BY DEFAULT AS IDENTITY (
    SEQUENCE NAME public.auth_group_id_seq
    START WITH 1
    INCREMENT BY 1
    NO MINVALUE
    NO MAXVALUE
    CACHE 1
);


--
-- Name: auth_group_permissions; Type: TABLE; Schema: public; Owner: postgres
--

CREATE TABLE public.auth_group_permissions (
    id bigint NOT NULL,
    group_id integer NOT NULL,
    permission_id integer NOT NULL
);


ALTER TABLE public.auth_group_permissions OWNER TO postgres;

--
-- Name: auth_group_permissions_id_seq; Type: SEQUENCE; Schema: public; Owner: postgres
--

ALTER TABLE public.auth_group_permissions ALTER COLUMN id ADD GENERATED BY DEFAULT AS IDENTITY (
    SEQUENCE NAME public.auth_group_permissions_id_seq
    START WITH 1
    INCREMENT BY 1
    NO MINVALUE
    NO MAXVALUE
    CACHE 1
);


--
-- Name: auth_permission; Type: TABLE; Schema: public; Owner: postgres
--

CREATE TABLE public.auth_permission (
    id integer NOT NULL,
    name character varying(255) NOT NULL,
    content_type_id integer NOT NULL,
    codename character varying(100) NOT NULL
);


ALTER TABLE public.auth_permission OWNER TO postgres;

--
-- Name: auth_permission_id_seq; Type: SEQUENCE; Schema: public; Owner: postgres
--

ALTER TABLE public.auth_permission ALTER COLUMN id ADD GENERATED BY DEFAULT AS IDENTITY (
    SEQUENCE NAME public.auth_permission_id_seq
    START WITH 1
    INCREMENT BY 1
    NO MINVALUE
    NO MAXVALUE
    CACHE 1
);


--
-- Name: calculator_auction; Type: TABLE; Schema: public; Owner: postgres
--

CREATE TABLE public.calculator_auction (
    id bigint NOT NULL,
    name character varying(100) NOT NULL,
    auction_type character varying(20) NOT NULL,
    is_active boolean NOT NULL
);


ALTER TABLE public.calculator_auction OWNER TO postgres;

--
-- Name: calculator_auction_id_seq; Type: SEQUENCE; Schema: public; Owner: postgres
--

ALTER TABLE public.calculator_auction ALTER COLUMN id ADD GENERATED BY DEFAULT AS IDENTITY (
    SEQUENCE NAME public.calculator_auction_id_seq
    START WITH 1
    INCREMENT BY 1
    NO MINVALUE
    NO MAXVALUE
    CACHE 1
);


--
-- Name: calculator_location; Type: TABLE; Schema: public; Owner: postgres
--

CREATE TABLE public.calculator_location (
    id bigint NOT NULL,
    name character varying(200) NOT NULL,
    delivery_cost numeric(10,2) NOT NULL,
    is_active boolean NOT NULL,
    auction_id bigint NOT NULL,
    port_id bigint NOT NULL
);


ALTER TABLE public.calculator_location OWNER TO postgres;

--
-- Name: calculator_location_id_seq; Type: SEQUENCE; Schema: public; Owner: postgres
--

ALTER TABLE public.calculator_location ALTER COLUMN id ADD GENERATED BY DEFAULT AS IDENTITY (
    SEQUENCE NAME public.calculator_location_id_seq
    START WITH 1
    INCREMENT BY 1
    NO MINVALUE
    NO MAXVALUE
    CACHE 1
);


--
-- Name: calculator_port; Type: TABLE; Schema: public; Owner: postgres
--

CREATE TABLE public.calculator_port (
    id bigint NOT NULL,
    name character varying(100) NOT NULL
);


ALTER TABLE public.calculator_port OWNER TO postgres;

--
-- Name: calculator_port_id_seq; Type: SEQUENCE; Schema: public; Owner: postgres
--

ALTER TABLE public.calculator_port ALTER COLUMN id ADD GENERATED BY DEFAULT AS IDENTITY (
    SEQUENCE NAME public.calculator_port_id_seq
    START WITH 1
    INCREMENT BY 1
    NO MINVALUE
    NO MAXVALUE
    CACHE 1
);


--
-- Name: car_site_advuser; Type: TABLE; Schema: public; Owner: postgres
--

CREATE TABLE public.car_site_advuser (
    id bigint NOT NULL,
    password character varying(128) NOT NULL,
    last_login timestamp with time zone,
    is_superuser boolean NOT NULL,
    username character varying(150) NOT NULL,
    first_name character varying(150) NOT NULL,
    last_name character varying(150) NOT NULL,
    email character varying(254) NOT NULL,
    is_staff boolean NOT NULL,
    is_active boolean NOT NULL,
    date_joined timestamp with time zone NOT NULL,
    is_manager boolean NOT NULL,
    phone_number character varying(20) NOT NULL,
    balance integer NOT NULL
);


ALTER TABLE public.car_site_advuser OWNER TO postgres;

--
-- Name: car_site_advuser_groups; Type: TABLE; Schema: public; Owner: postgres
--

CREATE TABLE public.car_site_advuser_groups (
    id bigint NOT NULL,
    advuser_id bigint NOT NULL,
    group_id integer NOT NULL
);


ALTER TABLE public.car_site_advuser_groups OWNER TO postgres;

--
-- Name: car_site_advuser_groups_id_seq; Type: SEQUENCE; Schema: public; Owner: postgres
--

ALTER TABLE public.car_site_advuser_groups ALTER COLUMN id ADD GENERATED BY DEFAULT AS IDENTITY (
    SEQUENCE NAME public.car_site_advuser_groups_id_seq
    START WITH 1
    INCREMENT BY 1
    NO MINVALUE
    NO MAXVALUE
    CACHE 1
);


--
-- Name: car_site_advuser_id_seq; Type: SEQUENCE; Schema: public; Owner: postgres
--

ALTER TABLE public.car_site_advuser ALTER COLUMN id ADD GENERATED BY DEFAULT AS IDENTITY (
    SEQUENCE NAME public.car_site_advuser_id_seq
    START WITH 1
    INCREMENT BY 1
    NO MINVALUE
    NO MAXVALUE
    CACHE 1
);


--
-- Name: car_site_advuser_user_permissions; Type: TABLE; Schema: public; Owner: postgres
--

CREATE TABLE public.car_site_advuser_user_permissions (
    id bigint NOT NULL,
    advuser_id bigint NOT NULL,
    permission_id integer NOT NULL
);


ALTER TABLE public.car_site_advuser_user_permissions OWNER TO postgres;

--
-- Name: car_site_advuser_user_permissions_id_seq; Type: SEQUENCE; Schema: public; Owner: postgres
--

ALTER TABLE public.car_site_advuser_user_permissions ALTER COLUMN id ADD GENERATED BY DEFAULT AS IDENTITY (
    SEQUENCE NAME public.car_site_advuser_user_permissions_id_seq
    START WITH 1
    INCREMENT BY 1
    NO MINVALUE
    NO MAXVALUE
    CACHE 1
);


--
-- Name: car_site_usaallowedcombination; Type: TABLE; Schema: public; Owner: postgres
--

CREATE TABLE public.car_site_usaallowedcombination (
    id bigint NOT NULL,
    auction_id bigint NOT NULL,
    platform_id bigint NOT NULL
);


ALTER TABLE public.car_site_usaallowedcombination OWNER TO postgres;

--
-- Name: car_site_allowedcombination_id_seq; Type: SEQUENCE; Schema: public; Owner: postgres
--

ALTER TABLE public.car_site_usaallowedcombination ALTER COLUMN id ADD GENERATED BY DEFAULT AS IDENTITY (
    SEQUENCE NAME public.car_site_allowedcombination_id_seq
    START WITH 1
    INCREMENT BY 1
    NO MINVALUE
    NO MAXVALUE
    CACHE 1
);


--
-- Name: car_site_usaauction; Type: TABLE; Schema: public; Owner: postgres
--

CREATE TABLE public.car_site_usaauction (
    id bigint NOT NULL,
    name character varying(200) NOT NULL
);


ALTER TABLE public.car_site_usaauction OWNER TO postgres;

--
-- Name: car_site_auction_id_seq; Type: SEQUENCE; Schema: public; Owner: postgres
--

ALTER TABLE public.car_site_usaauction ALTER COLUMN id ADD GENERATED BY DEFAULT AS IDENTITY (
    SEQUENCE NAME public.car_site_auction_id_seq
    START WITH 1
    INCREMENT BY 1
    NO MINVALUE
    NO MAXVALUE
    CACHE 1
);


--
-- Name: car_site_auctiondata; Type: TABLE; Schema: public; Owner: postgres
--

CREATE TABLE public.car_site_auctiondata (
    id bigint NOT NULL,
    auction_id bigint NOT NULL,
    card_id bigint NOT NULL,
    platform_id bigint NOT NULL,
    container_number character varying(100) NOT NULL,
    lot_number character varying(100) NOT NULL,
    pay_date date,
    user_name character varying(100) NOT NULL,
    container_link character varying(100) NOT NULL
);


ALTER TABLE public.car_site_auctiondata OWNER TO postgres;

--
-- Name: car_site_auctiondata_id_seq; Type: SEQUENCE; Schema: public; Owner: postgres
--

ALTER TABLE public.car_site_auctiondata ALTER COLUMN id ADD GENERATED BY DEFAULT AS IDENTITY (
    SEQUENCE NAME public.car_site_auctiondata_id_seq
    START WITH 1
    INCREMENT BY 1
    NO MINVALUE
    NO MAXVALUE
    CACHE 1
);


--
-- Name: car_site_europayment; Type: TABLE; Schema: public; Owner: postgres
--

CREATE TABLE public.car_site_europayment (
    id bigint NOT NULL,
    price integer NOT NULL,
    auction_price integer NOT NULL,
    payment_flag boolean NOT NULL,
    inspection integer NOT NULL,
    expenses integer NOT NULL,
    moscow_delivery_price integer NOT NULL,
    tax_price integer NOT NULL,
    tax_flag boolean NOT NULL,
    tax integer NOT NULL,
    tax_payment_flag boolean NOT NULL,
    tax_service integer NOT NULL,
    tax_util integer NOT NULL,
    our_service integer NOT NULL,
    sbkts_epts integer NOT NULL,
    epsms integer NOT NULL,
    excise integer NOT NULL,
    card_id bigint NOT NULL,
    tax_payment integer NOT NULL,
    price_brutto integer NOT NULL,
    price_netto integer NOT NULL,
    CONSTRAINT car_site_europayment_auction_price_check CHECK ((auction_price >= 0)),
    CONSTRAINT car_site_europayment_epsms_check CHECK ((epsms >= 0)),
    CONSTRAINT car_site_europayment_excise_check CHECK ((excise >= 0)),
    CONSTRAINT car_site_europayment_expenses_check CHECK ((expenses >= 0)),
    CONSTRAINT car_site_europayment_inspection_check CHECK ((inspection >= 0)),
    CONSTRAINT car_site_europayment_moscow_delivery_price_check CHECK ((moscow_delivery_price >= 0)),
    CONSTRAINT car_site_europayment_our_service_check CHECK ((our_service >= 0)),
    CONSTRAINT car_site_europayment_price_brutto_check CHECK ((price_brutto >= 0)),
    CONSTRAINT car_site_europayment_price_check CHECK ((price >= 0)),
    CONSTRAINT car_site_europayment_price_netto_check CHECK ((price_netto >= 0)),
    CONSTRAINT car_site_europayment_sbkts_epts_check CHECK ((sbkts_epts >= 0)),
    CONSTRAINT car_site_europayment_tax_payment_9095ab32_check CHECK ((tax_payment >= 0)),
    CONSTRAINT car_site_europayment_tax_price_check CHECK ((tax_price >= 0)),
    CONSTRAINT car_site_europayment_tax_service_check CHECK ((tax_service >= 0)),
    CONSTRAINT car_site_europayment_tax_util_check CHECK ((tax_util >= 0))
);


ALTER TABLE public.car_site_europayment OWNER TO postgres;

--
-- Name: car_site_europayment_id_seq; Type: SEQUENCE; Schema: public; Owner: postgres
--

ALTER TABLE public.car_site_europayment ALTER COLUMN id ADD GENERATED BY DEFAULT AS IDENTITY (
    SEQUENCE NAME public.car_site_europayment_id_seq
    START WITH 1
    INCREMENT BY 1
    NO MINVALUE
    NO MAXVALUE
    CACHE 1
);


--
-- Name: car_site_europebelarusphoto; Type: TABLE; Schema: public; Owner: postgres
--

CREATE TABLE public.car_site_europebelarusphoto (
    id bigint NOT NULL,
    photo character varying(100) NOT NULL,
    card_id bigint NOT NULL
);


ALTER TABLE public.car_site_europebelarusphoto OWNER TO postgres;

--
-- Name: car_site_europebelarusphoto_id_seq; Type: SEQUENCE; Schema: public; Owner: postgres
--

ALTER TABLE public.car_site_europebelarusphoto ALTER COLUMN id ADD GENERATED BY DEFAULT AS IDENTITY (
    SEQUENCE NAME public.car_site_europebelarusphoto_id_seq
    START WITH 1
    INCREMENT BY 1
    NO MINVALUE
    NO MAXVALUE
    CACHE 1
);


--
-- Name: car_site_europecard; Type: TABLE; Schema: public; Owner: postgres
--

CREATE TABLE public.car_site_europecard (
    id bigint NOT NULL,
    model character varying(200) NOT NULL,
    vin_number character varying(50) NOT NULL,
    date_created timestamp with time zone NOT NULL,
    user_id bigint,
    age character varying(100),
    capacity character varying(100),
    cnt_auto character varying(10),
    engine_type character varying(200),
    massa character varying(100) NOT NULL,
    motor_power character varying(100) NOT NULL,
    power integer NOT NULL,
    quadrupole character varying(100),
    vehicle_type character varying(100),
    CONSTRAINT car_site_europecard_power_check CHECK ((power >= 0))
);


ALTER TABLE public.car_site_europecard OWNER TO postgres;

--
-- Name: car_site_europecard_id_seq; Type: SEQUENCE; Schema: public; Owner: postgres
--

ALTER TABLE public.car_site_europecard ALTER COLUMN id ADD GENERATED BY DEFAULT AS IDENTITY (
    SEQUENCE NAME public.car_site_europecard_id_seq
    START WITH 1
    INCREMENT BY 1
    NO MINVALUE
    NO MAXVALUE
    CACHE 1
);


--
-- Name: car_site_europecustomdocument; Type: TABLE; Schema: public; Owner: postgres
--

CREATE TABLE public.car_site_europecustomdocument (
    id bigint NOT NULL,
    file character varying(100) NOT NULL,
    date_created timestamp with time zone NOT NULL,
    card_id bigint NOT NULL
);


ALTER TABLE public.car_site_europecustomdocument OWNER TO postgres;

--
-- Name: car_site_europecustomdocument_id_seq; Type: SEQUENCE; Schema: public; Owner: postgres
--

ALTER TABLE public.car_site_europecustomdocument ALTER COLUMN id ADD GENERATED BY DEFAULT AS IDENTITY (
    SEQUENCE NAME public.car_site_europecustomdocument_id_seq
    START WITH 1
    INCREMENT BY 1
    NO MINVALUE
    NO MAXVALUE
    CACHE 1
);


--
-- Name: car_site_europeextralink; Type: TABLE; Schema: public; Owner: postgres
--

CREATE TABLE public.car_site_europeextralink (
    id bigint NOT NULL,
    url character varying(1000) NOT NULL,
    name character varying(300) NOT NULL,
    date_created timestamp with time zone NOT NULL,
    card_id bigint NOT NULL
);


ALTER TABLE public.car_site_europeextralink OWNER TO postgres;

--
-- Name: car_site_europeextralink_id_seq; Type: SEQUENCE; Schema: public; Owner: postgres
--

ALTER TABLE public.car_site_europeextralink ALTER COLUMN id ADD GENERATED BY DEFAULT AS IDENTITY (
    SEQUENCE NAME public.car_site_europeextralink_id_seq
    START WITH 1
    INCREMENT BY 1
    NO MINVALUE
    NO MAXVALUE
    CACHE 1
);


--
-- Name: car_site_europepaymentfile; Type: TABLE; Schema: public; Owner: postgres
--

CREATE TABLE public.car_site_europepaymentfile (
    id bigint NOT NULL,
    file character varying(100) NOT NULL,
    date_created timestamp with time zone NOT NULL,
    card_id bigint NOT NULL
);


ALTER TABLE public.car_site_europepaymentfile OWNER TO postgres;

--
-- Name: car_site_europepaymentfile_id_seq; Type: SEQUENCE; Schema: public; Owner: postgres
--

ALTER TABLE public.car_site_europepaymentfile ALTER COLUMN id ADD GENERATED BY DEFAULT AS IDENTITY (
    SEQUENCE NAME public.car_site_europepaymentfile_id_seq
    START WITH 1
    INCREMENT BY 1
    NO MINVALUE
    NO MAXVALUE
    CACHE 1
);


--
-- Name: car_site_europephoto; Type: TABLE; Schema: public; Owner: postgres
--

CREATE TABLE public.car_site_europephoto (
    id bigint NOT NULL,
    photo character varying(100) NOT NULL,
    card_id bigint NOT NULL
);


ALTER TABLE public.car_site_europephoto OWNER TO postgres;

--
-- Name: car_site_europephoto_id_seq; Type: SEQUENCE; Schema: public; Owner: postgres
--

ALTER TABLE public.car_site_europephoto ALTER COLUMN id ADD GENERATED BY DEFAULT AS IDENTITY (
    SEQUENCE NAME public.car_site_europephoto_id_seq
    START WITH 1
    INCREMENT BY 1
    NO MINVALUE
    NO MAXVALUE
    CACHE 1
);


--
-- Name: car_site_europetracking; Type: TABLE; Schema: public; Owner: postgres
--

CREATE TABLE public.car_site_europetracking (
    id bigint NOT NULL,
    payment_date date,
    money_date date,
    belarus_date date,
    moscow_date date,
    card_id bigint NOT NULL
);


ALTER TABLE public.car_site_europetracking OWNER TO postgres;

--
-- Name: car_site_europetracking_id_seq; Type: SEQUENCE; Schema: public; Owner: postgres
--

ALTER TABLE public.car_site_europetracking ALTER COLUMN id ADD GENERATED BY DEFAULT AS IDENTITY (
    SEQUENCE NAME public.car_site_europetracking_id_seq
    START WITH 1
    INCREMENT BY 1
    NO MINVALUE
    NO MAXVALUE
    CACHE 1
);


--
-- Name: car_site_europlatform; Type: TABLE; Schema: public; Owner: postgres
--

CREATE TABLE public.car_site_europlatform (
    id bigint NOT NULL,
    country character varying(50) NOT NULL,
    purchase_date date,
    card_id bigint NOT NULL
);


ALTER TABLE public.car_site_europlatform OWNER TO postgres;

--
-- Name: car_site_europlatform_id_seq; Type: SEQUENCE; Schema: public; Owner: postgres
--

ALTER TABLE public.car_site_europlatform ALTER COLUMN id ADD GENERATED BY DEFAULT AS IDENTITY (
    SEQUENCE NAME public.car_site_europlatform_id_seq
    START WITH 1
    INCREMENT BY 1
    NO MINVALUE
    NO MAXVALUE
    CACHE 1
);


--
-- Name: car_site_koreacard; Type: TABLE; Schema: public; Owner: postgres
--

CREATE TABLE public.car_site_koreacard (
    id bigint NOT NULL,
    model character varying(200) NOT NULL,
    vin_number character varying(50) NOT NULL,
    payment_date date,
    date_created timestamp with time zone NOT NULL,
    user_id bigint,
    age character varying(100),
    capacity character varying(100),
    cnt_auto character varying(10),
    engine_type character varying(200),
    final_date date,
    massa character varying(100) NOT NULL,
    motor_power character varying(100) NOT NULL,
    pay_date date,
    power integer NOT NULL,
    quadrupole character varying(100),
    vehicle_type character varying(100),
    vladivostok_date date,
    CONSTRAINT car_site_koreacard_power_check CHECK ((power >= 0))
);


ALTER TABLE public.car_site_koreacard OWNER TO postgres;

--
-- Name: car_site_koreacard_id_seq; Type: SEQUENCE; Schema: public; Owner: postgres
--

ALTER TABLE public.car_site_koreacard ALTER COLUMN id ADD GENERATED BY DEFAULT AS IDENTITY (
    SEQUENCE NAME public.car_site_koreacard_id_seq
    START WITH 1
    INCREMENT BY 1
    NO MINVALUE
    NO MAXVALUE
    CACHE 1
);


--
-- Name: car_site_koreacustomdocument; Type: TABLE; Schema: public; Owner: postgres
--

CREATE TABLE public.car_site_koreacustomdocument (
    id bigint NOT NULL,
    file character varying(100) NOT NULL,
    date_created timestamp with time zone NOT NULL,
    card_id bigint NOT NULL
);


ALTER TABLE public.car_site_koreacustomdocument OWNER TO postgres;

--
-- Name: car_site_koreacustomdocument_id_seq; Type: SEQUENCE; Schema: public; Owner: postgres
--

ALTER TABLE public.car_site_koreacustomdocument ALTER COLUMN id ADD GENERATED BY DEFAULT AS IDENTITY (
    SEQUENCE NAME public.car_site_koreacustomdocument_id_seq
    START WITH 1
    INCREMENT BY 1
    NO MINVALUE
    NO MAXVALUE
    CACHE 1
);


--
-- Name: car_site_koreaextralink; Type: TABLE; Schema: public; Owner: postgres
--

CREATE TABLE public.car_site_koreaextralink (
    id bigint NOT NULL,
    url character varying(1000) NOT NULL,
    name character varying(300) NOT NULL,
    date_created timestamp with time zone NOT NULL,
    card_id bigint NOT NULL
);


ALTER TABLE public.car_site_koreaextralink OWNER TO postgres;

--
-- Name: car_site_koreaextralink_id_seq; Type: SEQUENCE; Schema: public; Owner: postgres
--

ALTER TABLE public.car_site_koreaextralink ALTER COLUMN id ADD GENERATED BY DEFAULT AS IDENTITY (
    SEQUENCE NAME public.car_site_koreaextralink_id_seq
    START WITH 1
    INCREMENT BY 1
    NO MINVALUE
    NO MAXVALUE
    CACHE 1
);


--
-- Name: car_site_koreapayment; Type: TABLE; Schema: public; Owner: postgres
--

CREATE TABLE public.car_site_koreapayment (
    id bigint NOT NULL,
    car_price integer NOT NULL,
    export integer NOT NULL,
    total_price integer NOT NULL,
    payment_flag boolean NOT NULL,
    delivery_price integer NOT NULL,
    tax_price integer NOT NULL,
    tax_flag boolean NOT NULL,
    tax integer NOT NULL,
    tax_payment integer NOT NULL,
    tax_payment_flag boolean NOT NULL,
    tax_service integer NOT NULL,
    tax_util integer NOT NULL,
    our_service integer NOT NULL,
    sbkts_epts integer NOT NULL,
    epsms integer NOT NULL,
    excise integer NOT NULL,
    card_id bigint NOT NULL,
    CONSTRAINT car_site_koreapayment_car_price_check CHECK ((car_price >= 0)),
    CONSTRAINT car_site_koreapayment_delivery_price_check CHECK ((delivery_price >= 0)),
    CONSTRAINT car_site_koreapayment_epsms_check CHECK ((epsms >= 0)),
    CONSTRAINT car_site_koreapayment_excise_check CHECK ((excise >= 0)),
    CONSTRAINT car_site_koreapayment_export_check CHECK ((export >= 0)),
    CONSTRAINT car_site_koreapayment_our_service_check CHECK ((our_service >= 0)),
    CONSTRAINT car_site_koreapayment_sbkts_epts_check CHECK ((sbkts_epts >= 0)),
    CONSTRAINT car_site_koreapayment_tax_payment_check CHECK ((tax_payment >= 0)),
    CONSTRAINT car_site_koreapayment_tax_price_check CHECK ((tax_price >= 0)),
    CONSTRAINT car_site_koreapayment_tax_service_check CHECK ((tax_service >= 0)),
    CONSTRAINT car_site_koreapayment_tax_util_check CHECK ((tax_util >= 0)),
    CONSTRAINT car_site_koreapayment_total_price_check CHECK ((total_price >= 0))
);


ALTER TABLE public.car_site_koreapayment OWNER TO postgres;

--
-- Name: car_site_koreapayment_id_seq; Type: SEQUENCE; Schema: public; Owner: postgres
--

ALTER TABLE public.car_site_koreapayment ALTER COLUMN id ADD GENERATED BY DEFAULT AS IDENTITY (
    SEQUENCE NAME public.car_site_koreapayment_id_seq
    START WITH 1
    INCREMENT BY 1
    NO MINVALUE
    NO MAXVALUE
    CACHE 1
);


--
-- Name: car_site_koreapaymentfile; Type: TABLE; Schema: public; Owner: postgres
--

CREATE TABLE public.car_site_koreapaymentfile (
    id bigint NOT NULL,
    file character varying(100) NOT NULL,
    date_created timestamp with time zone NOT NULL,
    card_id bigint NOT NULL
);


ALTER TABLE public.car_site_koreapaymentfile OWNER TO postgres;

--
-- Name: car_site_koreapaymentfile_id_seq; Type: SEQUENCE; Schema: public; Owner: postgres
--

ALTER TABLE public.car_site_koreapaymentfile ALTER COLUMN id ADD GENERATED BY DEFAULT AS IDENTITY (
    SEQUENCE NAME public.car_site_koreapaymentfile_id_seq
    START WITH 1
    INCREMENT BY 1
    NO MINVALUE
    NO MAXVALUE
    CACHE 1
);


--
-- Name: car_site_koreaphoto; Type: TABLE; Schema: public; Owner: postgres
--

CREATE TABLE public.car_site_koreaphoto (
    id bigint NOT NULL,
    photo character varying(100) NOT NULL,
    card_id bigint NOT NULL
);


ALTER TABLE public.car_site_koreaphoto OWNER TO postgres;

--
-- Name: car_site_koreaphoto_id_seq; Type: SEQUENCE; Schema: public; Owner: postgres
--

ALTER TABLE public.car_site_koreaphoto ALTER COLUMN id ADD GENERATED BY DEFAULT AS IDENTITY (
    SEQUENCE NAME public.car_site_koreaphoto_id_seq
    START WITH 1
    INCREMENT BY 1
    NO MINVALUE
    NO MAXVALUE
    CACHE 1
);


--
-- Name: car_site_koreatkphoto; Type: TABLE; Schema: public; Owner: postgres
--

CREATE TABLE public.car_site_koreatkphoto (
    id bigint NOT NULL,
    photo character varying(100) NOT NULL,
    card_id bigint NOT NULL
);


ALTER TABLE public.car_site_koreatkphoto OWNER TO postgres;

--
-- Name: car_site_koreatkphoto_id_seq; Type: SEQUENCE; Schema: public; Owner: postgres
--

ALTER TABLE public.car_site_koreatkphoto ALTER COLUMN id ADD GENERATED BY DEFAULT AS IDENTITY (
    SEQUENCE NAME public.car_site_koreatkphoto_id_seq
    START WITH 1
    INCREMENT BY 1
    NO MINVALUE
    NO MAXVALUE
    CACHE 1
);


--
-- Name: car_site_usaplatform; Type: TABLE; Schema: public; Owner: postgres
--

CREATE TABLE public.car_site_usaplatform (
    id bigint NOT NULL,
    name character varying(200) NOT NULL,
    auction_id bigint NOT NULL
);


ALTER TABLE public.car_site_usaplatform OWNER TO postgres;

--
-- Name: car_site_platform_id_seq; Type: SEQUENCE; Schema: public; Owner: postgres
--

ALTER TABLE public.car_site_usaplatform ALTER COLUMN id ADD GENERATED BY DEFAULT AS IDENTITY (
    SEQUENCE NAME public.car_site_platform_id_seq
    START WITH 1
    INCREMENT BY 1
    NO MINVALUE
    NO MAXVALUE
    CACHE 1
);


--
-- Name: car_site_usabelarusphoto; Type: TABLE; Schema: public; Owner: postgres
--

CREATE TABLE public.car_site_usabelarusphoto (
    id bigint NOT NULL,
    photo character varying(100) NOT NULL,
    card_id bigint NOT NULL
);


ALTER TABLE public.car_site_usabelarusphoto OWNER TO postgres;

--
-- Name: car_site_usabelarusphoto_id_seq; Type: SEQUENCE; Schema: public; Owner: postgres
--

ALTER TABLE public.car_site_usabelarusphoto ALTER COLUMN id ADD GENERATED BY DEFAULT AS IDENTITY (
    SEQUENCE NAME public.car_site_usabelarusphoto_id_seq
    START WITH 1
    INCREMENT BY 1
    NO MINVALUE
    NO MAXVALUE
    CACHE 1
);


--
-- Name: car_site_usacard; Type: TABLE; Schema: public; Owner: postgres
--

CREATE TABLE public.car_site_usacard (
    id bigint NOT NULL,
    model character varying(200) NOT NULL,
    vin_number character varying(50) NOT NULL,
    date_created timestamp with time zone NOT NULL,
    user_id bigint,
    age character varying(100),
    capacity character varying(100),
    cnt_auto character varying(10),
    engine_type character varying(200),
    massa character varying(100) NOT NULL,
    motor_power character varying(100) NOT NULL,
    pending boolean NOT NULL,
    power integer NOT NULL,
    quadrupole character varying(100),
    total boolean NOT NULL,
    vehicle_type character varying(100),
    title boolean NOT NULL,
    CONSTRAINT car_site_usacard_power_check CHECK ((power >= 0))
);


ALTER TABLE public.car_site_usacard OWNER TO postgres;

--
-- Name: car_site_usacard_id_seq; Type: SEQUENCE; Schema: public; Owner: postgres
--

ALTER TABLE public.car_site_usacard ALTER COLUMN id ADD GENERATED BY DEFAULT AS IDENTITY (
    SEQUENCE NAME public.car_site_usacard_id_seq
    START WITH 1
    INCREMENT BY 1
    NO MINVALUE
    NO MAXVALUE
    CACHE 1
);


--
-- Name: car_site_usacustomdocument; Type: TABLE; Schema: public; Owner: postgres
--

CREATE TABLE public.car_site_usacustomdocument (
    id bigint NOT NULL,
    file character varying(100) NOT NULL,
    date_created timestamp with time zone NOT NULL,
    card_id bigint NOT NULL
);


ALTER TABLE public.car_site_usacustomdocument OWNER TO postgres;

--
-- Name: car_site_usacustomdocument_id_seq; Type: SEQUENCE; Schema: public; Owner: postgres
--

ALTER TABLE public.car_site_usacustomdocument ALTER COLUMN id ADD GENERATED BY DEFAULT AS IDENTITY (
    SEQUENCE NAME public.car_site_usacustomdocument_id_seq
    START WITH 1
    INCREMENT BY 1
    NO MINVALUE
    NO MAXVALUE
    CACHE 1
);


--
-- Name: car_site_usaextralink; Type: TABLE; Schema: public; Owner: postgres
--

CREATE TABLE public.car_site_usaextralink (
    id bigint NOT NULL,
    url character varying(1000) NOT NULL,
    date_created timestamp with time zone NOT NULL,
    card_id bigint NOT NULL,
    name character varying(300) NOT NULL
);


ALTER TABLE public.car_site_usaextralink OWNER TO postgres;

--
-- Name: car_site_usaextralink_id_seq; Type: SEQUENCE; Schema: public; Owner: postgres
--

ALTER TABLE public.car_site_usaextralink ALTER COLUMN id ADD GENERATED BY DEFAULT AS IDENTITY (
    SEQUENCE NAME public.car_site_usaextralink_id_seq
    START WITH 1
    INCREMENT BY 1
    NO MINVALUE
    NO MAXVALUE
    CACHE 1
);


--
-- Name: car_site_usamoscowphoto; Type: TABLE; Schema: public; Owner: postgres
--

CREATE TABLE public.car_site_usamoscowphoto (
    id bigint NOT NULL,
    photo character varying(100) NOT NULL,
    card_id bigint NOT NULL
);


ALTER TABLE public.car_site_usamoscowphoto OWNER TO postgres;

--
-- Name: car_site_usamoscowphoto_id_seq; Type: SEQUENCE; Schema: public; Owner: postgres
--

ALTER TABLE public.car_site_usamoscowphoto ALTER COLUMN id ADD GENERATED BY DEFAULT AS IDENTITY (
    SEQUENCE NAME public.car_site_usamoscowphoto_id_seq
    START WITH 1
    INCREMENT BY 1
    NO MINVALUE
    NO MAXVALUE
    CACHE 1
);


--
-- Name: car_site_usaopenphoto; Type: TABLE; Schema: public; Owner: postgres
--

CREATE TABLE public.car_site_usaopenphoto (
    id bigint NOT NULL,
    photo character varying(100) NOT NULL,
    card_id bigint NOT NULL
);


ALTER TABLE public.car_site_usaopenphoto OWNER TO postgres;

--
-- Name: car_site_usaopenphoto_id_seq; Type: SEQUENCE; Schema: public; Owner: postgres
--

ALTER TABLE public.car_site_usaopenphoto ALTER COLUMN id ADD GENERATED BY DEFAULT AS IDENTITY (
    SEQUENCE NAME public.car_site_usaopenphoto_id_seq
    START WITH 1
    INCREMENT BY 1
    NO MINVALUE
    NO MAXVALUE
    CACHE 1
);


--
-- Name: car_site_usapayment; Type: TABLE; Schema: public; Owner: postgres
--

CREATE TABLE public.car_site_usapayment (
    id bigint NOT NULL,
    price integer NOT NULL,
    auction_price integer NOT NULL,
    car_auct_price integer NOT NULL,
    payment_flag boolean NOT NULL,
    port character varying(50),
    port_price integer NOT NULL,
    moscow_price integer NOT NULL,
    expenses_litva integer NOT NULL,
    delivery_price integer NOT NULL,
    delivery_payment_flag boolean NOT NULL,
    extra_price integer NOT NULL,
    comment character varying(400) NOT NULL,
    tax_price integer NOT NULL,
    tax_payment_flag boolean NOT NULL,
    tax integer NOT NULL,
    tax_util integer NOT NULL,
    tax_rate integer NOT NULL,
    tax_service integer NOT NULL,
    sbkts_epts integer NOT NULL,
    epsms_moto integer NOT NULL,
    excise integer NOT NULL,
    penalty integer NOT NULL,
    commission integer NOT NULL,
    card_id bigint NOT NULL,
    tax_sum integer NOT NULL,
    CONSTRAINT car_site_usapayment_auction_price_check CHECK ((auction_price >= 0)),
    CONSTRAINT car_site_usapayment_car_auct_price_check CHECK ((car_auct_price >= 0)),
    CONSTRAINT car_site_usapayment_commission_check CHECK ((commission >= 0)),
    CONSTRAINT car_site_usapayment_delivery_price_check CHECK ((delivery_price >= 0)),
    CONSTRAINT car_site_usapayment_epsms_moto_check CHECK ((epsms_moto >= 0)),
    CONSTRAINT car_site_usapayment_excise_check CHECK ((excise >= 0)),
    CONSTRAINT car_site_usapayment_expenses_litva_check CHECK ((expenses_litva >= 0)),
    CONSTRAINT car_site_usapayment_extra_price_check CHECK ((extra_price >= 0)),
    CONSTRAINT car_site_usapayment_moscow_price_check CHECK ((moscow_price >= 0)),
    CONSTRAINT car_site_usapayment_penalty_check CHECK ((penalty >= 0)),
    CONSTRAINT car_site_usapayment_port_price_check CHECK ((port_price >= 0)),
    CONSTRAINT car_site_usapayment_price_check CHECK ((price >= 0)),
    CONSTRAINT car_site_usapayment_sbkts_epts_check CHECK ((sbkts_epts >= 0)),
    CONSTRAINT car_site_usapayment_tax_check CHECK ((tax >= 0)),
    CONSTRAINT car_site_usapayment_tax_price_check CHECK ((tax_price >= 0)),
    CONSTRAINT car_site_usapayment_tax_service_check CHECK ((tax_service >= 0)),
    CONSTRAINT car_site_usapayment_tax_sum_check CHECK ((tax_sum >= 0)),
    CONSTRAINT car_site_usapayment_tax_util_check CHECK ((tax_util >= 0))
);


ALTER TABLE public.car_site_usapayment OWNER TO postgres;

--
-- Name: car_site_usapayment_id_seq; Type: SEQUENCE; Schema: public; Owner: postgres
--

ALTER TABLE public.car_site_usapayment ALTER COLUMN id ADD GENERATED BY DEFAULT AS IDENTITY (
    SEQUENCE NAME public.car_site_usapayment_id_seq
    START WITH 1
    INCREMENT BY 1
    NO MINVALUE
    NO MAXVALUE
    CACHE 1
);


--
-- Name: car_site_usapaymentfile; Type: TABLE; Schema: public; Owner: postgres
--

CREATE TABLE public.car_site_usapaymentfile (
    id bigint NOT NULL,
    file character varying(100) NOT NULL,
    card_id bigint NOT NULL,
    date_created timestamp with time zone NOT NULL
);


ALTER TABLE public.car_site_usapaymentfile OWNER TO postgres;

--
-- Name: car_site_usapaymentfile_id_seq; Type: SEQUENCE; Schema: public; Owner: postgres
--

ALTER TABLE public.car_site_usapaymentfile ALTER COLUMN id ADD GENERATED BY DEFAULT AS IDENTITY (
    SEQUENCE NAME public.car_site_usapaymentfile_id_seq
    START WITH 1
    INCREMENT BY 1
    NO MINVALUE
    NO MAXVALUE
    CACHE 1
);


--
-- Name: car_site_usaphoto; Type: TABLE; Schema: public; Owner: postgres
--

CREATE TABLE public.car_site_usaphoto (
    id bigint NOT NULL,
    photo character varying(100) NOT NULL,
    card_id bigint NOT NULL
);


ALTER TABLE public.car_site_usaphoto OWNER TO postgres;

--
-- Name: car_site_usaphoto_id_seq; Type: SEQUENCE; Schema: public; Owner: postgres
--

ALTER TABLE public.car_site_usaphoto ALTER COLUMN id ADD GENERATED BY DEFAULT AS IDENTITY (
    SEQUENCE NAME public.car_site_usaphoto_id_seq
    START WITH 1
    INCREMENT BY 1
    NO MINVALUE
    NO MAXVALUE
    CACHE 1
);


--
-- Name: car_site_usatakenphoto; Type: TABLE; Schema: public; Owner: postgres
--

CREATE TABLE public.car_site_usatakenphoto (
    id bigint NOT NULL,
    photo character varying(100) NOT NULL,
    card_id bigint NOT NULL
);


ALTER TABLE public.car_site_usatakenphoto OWNER TO postgres;

--
-- Name: car_site_usatakenphoto_id_seq; Type: SEQUENCE; Schema: public; Owner: postgres
--

ALTER TABLE public.car_site_usatakenphoto ALTER COLUMN id ADD GENERATED BY DEFAULT AS IDENTITY (
    SEQUENCE NAME public.car_site_usatakenphoto_id_seq
    START WITH 1
    INCREMENT BY 1
    NO MINVALUE
    NO MAXVALUE
    CACHE 1
);


--
-- Name: car_site_usatracking; Type: TABLE; Schema: public; Owner: postgres
--

CREATE TABLE public.car_site_usatracking (
    id bigint NOT NULL,
    delivery_storage_date date,
    container_load_date date,
    arrival_date_litva date,
    open_container_date date,
    belarus_date date,
    moscow_date date,
    card_id bigint NOT NULL
);


ALTER TABLE public.car_site_usatracking OWNER TO postgres;

--
-- Name: car_site_usatracking_id_seq; Type: SEQUENCE; Schema: public; Owner: postgres
--

ALTER TABLE public.car_site_usatracking ALTER COLUMN id ADD GENERATED BY DEFAULT AS IDENTITY (
    SEQUENCE NAME public.car_site_usatracking_id_seq
    START WITH 1
    INCREMENT BY 1
    NO MINVALUE
    NO MAXVALUE
    CACHE 1
);


--
-- Name: car_site_userbalance; Type: TABLE; Schema: public; Owner: postgres
--

CREATE TABLE public.car_site_userbalance (
    id bigint NOT NULL,
    amount integer NOT NULL,
    date_created timestamp with time zone NOT NULL,
    user_id bigint,
    description character varying(1000) NOT NULL
);


ALTER TABLE public.car_site_userbalance OWNER TO postgres;

--
-- Name: car_site_userbalance_id_seq; Type: SEQUENCE; Schema: public; Owner: postgres
--

ALTER TABLE public.car_site_userbalance ALTER COLUMN id ADD GENERATED BY DEFAULT AS IDENTITY (
    SEQUENCE NAME public.car_site_userbalance_id_seq
    START WITH 1
    INCREMENT BY 1
    NO MINVALUE
    NO MAXVALUE
    CACHE 1
);


--
-- Name: django_admin_log; Type: TABLE; Schema: public; Owner: postgres
--

CREATE TABLE public.django_admin_log (
    id integer NOT NULL,
    action_time timestamp with time zone NOT NULL,
    object_id text,
    object_repr character varying(200) NOT NULL,
    action_flag smallint NOT NULL,
    change_message text NOT NULL,
    content_type_id integer,
    user_id bigint NOT NULL,
    CONSTRAINT django_admin_log_action_flag_check CHECK ((action_flag >= 0))
);


ALTER TABLE public.django_admin_log OWNER TO postgres;

--
-- Name: django_admin_log_id_seq; Type: SEQUENCE; Schema: public; Owner: postgres
--

ALTER TABLE public.django_admin_log ALTER COLUMN id ADD GENERATED BY DEFAULT AS IDENTITY (
    SEQUENCE NAME public.django_admin_log_id_seq
    START WITH 1
    INCREMENT BY 1
    NO MINVALUE
    NO MAXVALUE
    CACHE 1
);


--
-- Name: django_content_type; Type: TABLE; Schema: public; Owner: postgres
--

CREATE TABLE public.django_content_type (
    id integer NOT NULL,
    app_label character varying(100) NOT NULL,
    model character varying(100) NOT NULL
);


ALTER TABLE public.django_content_type OWNER TO postgres;

--
-- Name: django_content_type_id_seq; Type: SEQUENCE; Schema: public; Owner: postgres
--

ALTER TABLE public.django_content_type ALTER COLUMN id ADD GENERATED BY DEFAULT AS IDENTITY (
    SEQUENCE NAME public.django_content_type_id_seq
    START WITH 1
    INCREMENT BY 1
    NO MINVALUE
    NO MAXVALUE
    CACHE 1
);


--
-- Name: django_migrations; Type: TABLE; Schema: public; Owner: postgres
--

CREATE TABLE public.django_migrations (
    id bigint NOT NULL,
    app character varying(255) NOT NULL,
    name character varying(255) NOT NULL,
    applied timestamp with time zone NOT NULL
);


ALTER TABLE public.django_migrations OWNER TO postgres;

--
-- Name: django_migrations_id_seq; Type: SEQUENCE; Schema: public; Owner: postgres
--

ALTER TABLE public.django_migrations ALTER COLUMN id ADD GENERATED BY DEFAULT AS IDENTITY (
    SEQUENCE NAME public.django_migrations_id_seq
    START WITH 1
    INCREMENT BY 1
    NO MINVALUE
    NO MAXVALUE
    CACHE 1
);


--
-- Name: django_session; Type: TABLE; Schema: public; Owner: postgres
--

CREATE TABLE public.django_session (
    session_key character varying(40) NOT NULL,
    session_data text NOT NULL,
    expire_date timestamp with time zone NOT NULL
);


ALTER TABLE public.django_session OWNER TO postgres;

--
-- Name: exchange_rates_exchangerate; Type: TABLE; Schema: public; Owner: postgres
--

CREATE TABLE public.exchange_rates_exchangerate (
    id bigint NOT NULL,
    "USD_rate" numeric(10,2) NOT NULL,
    "USD_source" character varying(10) NOT NULL,
    "EUR_rate" numeric(10,2) NOT NULL,
    "EUR_source" character varying(10) NOT NULL,
    last_updated timestamp with time zone NOT NULL
);


ALTER TABLE public.exchange_rates_exchangerate OWNER TO postgres;

--
-- Name: exchange_rates_exchangerate_id_seq; Type: SEQUENCE; Schema: public; Owner: postgres
--

ALTER TABLE public.exchange_rates_exchangerate ALTER COLUMN id ADD GENERATED BY DEFAULT AS IDENTITY (
    SEQUENCE NAME public.exchange_rates_exchangerate_id_seq
    START WITH 1
    INCREMENT BY 1
    NO MINVALUE
    NO MAXVALUE
    CACHE 1
);


--
-- Data for Name: auth_group; Type: TABLE DATA; Schema: public; Owner: postgres
--

COPY public.auth_group (id, name) FROM stdin;
\.


--
-- Data for Name: auth_group_permissions; Type: TABLE DATA; Schema: public; Owner: postgres
--

COPY public.auth_group_permissions (id, group_id, permission_id) FROM stdin;
\.


--
-- Data for Name: auth_permission; Type: TABLE DATA; Schema: public; Owner: postgres
--

COPY public.auth_permission (id, name, content_type_id, codename) FROM stdin;
1	Can add log entry	1	add_logentry
2	Can change log entry	1	change_logentry
3	Can delete log entry	1	delete_logentry
4	Can view log entry	1	view_logentry
5	Can add permission	2	add_permission
6	Can change permission	2	change_permission
7	Can delete permission	2	delete_permission
8	Can view permission	2	view_permission
9	Can add group	3	add_group
10	Can change group	3	change_group
11	Can delete group	3	delete_group
12	Can view group	3	view_group
13	Can add content type	4	add_contenttype
14	Can change content type	4	change_contenttype
15	Can delete content type	4	delete_contenttype
16	Can view content type	4	view_contenttype
17	Can add session	5	add_session
18	Can change session	5	change_session
19	Can delete session	5	delete_session
20	Can view session	5	view_session
21	Can add Пользователь	6	add_advuser
22	Can change Пользователь	6	change_advuser
23	Can delete Пользователь	6	delete_advuser
24	Can view Пользователь	6	view_advuser
25	Can add Карточка Европы	7	add_europecard
26	Can change Карточка Европы	7	change_europecard
27	Can delete Карточка Европы	7	delete_europecard
28	Can view Карточка Европы	7	view_europecard
29	Can add Карточка Южной Кореи	8	add_koreacard
30	Can change Карточка Южной Кореи	8	change_koreacard
31	Can delete Карточка Южной Кореи	8	delete_koreacard
32	Can view Карточка Южной Кореи	8	view_koreacard
33	Can add Карточка США	9	add_usacard
34	Can change Карточка США	9	change_usacard
35	Can delete Карточка США	9	delete_usacard
36	Can view Карточка США	9	view_usacard
37	Can add Фото со склада США	10	add_usaphoto
38	Can change Фото со склада США	10	change_usaphoto
39	Can delete Фото со склада США	10	delete_usaphoto
40	Can view Фото со склада США	10	view_usaphoto
41	Can add Файл оплаты	11	add_usapaymentfile
42	Can change Файл оплаты	11	change_usapaymentfile
43	Can delete Файл оплаты	11	delete_usapaymentfile
44	Can view Файл оплаты	11	view_usapaymentfile
45	Can add Файл оплаты	12	add_europepaymentfile
46	Can change Файл оплаты	12	change_europepaymentfile
47	Can delete Файл оплаты	12	delete_europepaymentfile
48	Can view Файл оплаты	12	view_europepaymentfile
49	Can add Фото осмотра	13	add_europephoto
50	Can change Фото осмотра	13	change_europephoto
51	Can delete Фото осмотра	13	delete_europephoto
52	Can view Фото осмотра	13	view_europephoto
53	Can add Файл оплаты	14	add_koreapaymentfile
54	Can change Файл оплаты	14	change_koreapaymentfile
55	Can delete Файл оплаты	14	delete_koreapaymentfile
56	Can view Файл оплаты	14	view_koreapaymentfile
57	Can add Фотография c Владивостока	15	add_koreaphoto
58	Can change Фотография c Владивостока	15	change_koreaphoto
59	Can delete Фотография c Владивостока	15	delete_koreaphoto
60	Can view Фотография c Владивостока	15	view_koreaphoto
61	Can add Баланс	16	add_userbalance
62	Can change Баланс	16	change_userbalance
63	Can delete Баланс	16	delete_userbalance
64	Can view Баланс	16	view_userbalance
65	Can add Таможенный документ	17	add_usacustomdocument
66	Can change Таможенный документ	17	change_usacustomdocument
67	Can delete Таможенный документ	17	delete_usacustomdocument
68	Can view Таможенный документ	17	view_usacustomdocument
69	Can add Дополнительный ссылки	18	add_usaextralink
70	Can change Дополнительный ссылки	18	change_usaextralink
71	Can delete Дополнительный ссылки	18	delete_usaextralink
72	Can view Дополнительный ссылки	18	view_usaextralink
73	Can add Данные аукциона	19	add_auctiondata
74	Can change Данные аукциона	19	change_auctiondata
75	Can delete Данные аукциона	19	delete_auctiondata
76	Can view Данные аукциона	19	view_auctiondata
77	Can add usa allowed combination	20	add_usaallowedcombination
78	Can change usa allowed combination	20	change_usaallowedcombination
79	Can delete usa allowed combination	20	delete_usaallowedcombination
80	Can view usa allowed combination	20	view_usaallowedcombination
81	Can add usa auction	21	add_usaauction
82	Can change usa auction	21	change_usaauction
83	Can delete usa auction	21	delete_usaauction
84	Can view usa auction	21	view_usaauction
85	Can add usa platform	22	add_usaplatform
86	Can change usa platform	22	change_usaplatform
87	Can delete usa platform	22	delete_usaplatform
88	Can view usa platform	22	view_usaplatform
89	Can add Платежи	23	add_usapayment
90	Can change Платежи	23	change_usapayment
91	Can delete Платежи	23	delete_usapayment
92	Can view Платежи	23	view_usapayment
93	Can add Отслеживание	24	add_usatracking
94	Can change Отслеживание	24	change_usatracking
95	Can delete Отслеживание	24	delete_usatracking
96	Can view Отслеживание	24	view_usatracking
97	Can add Платежи	25	add_europayment
98	Can change Платежи	25	change_europayment
99	Can delete Платежи	25	delete_europayment
100	Can view Платежи	25	view_europayment
101	Can add Фото из Беларуси	26	add_europebelarusphoto
102	Can change Фото из Беларуси	26	change_europebelarusphoto
103	Can delete Фото из Беларуси	26	delete_europebelarusphoto
104	Can view Фото из Беларуси	26	view_europebelarusphoto
105	Can add Дополнительный ссылки	27	add_europeextralink
106	Can change Дополнительный ссылки	27	change_europeextralink
107	Can delete Дополнительный ссылки	27	delete_europeextralink
108	Can view Дополнительный ссылки	27	view_europeextralink
109	Can add Отслеживание	28	add_europetracking
110	Can change Отслеживание	28	change_europetracking
111	Can delete Отслеживание	28	delete_europetracking
112	Can view Отслеживание	28	view_europetracking
113	Can add Площадка	29	add_europlatform
114	Can change Площадка	29	change_europlatform
115	Can delete Площадка	29	delete_europlatform
116	Can view Площадка	29	view_europlatform
117	Can add Таможенный документ	30	add_europecustomdocument
118	Can change Таможенный документ	30	change_europecustomdocument
119	Can delete Таможенный документ	30	delete_europecustomdocument
120	Can view Таможенный документ	30	view_europecustomdocument
121	Can add Таможенный документ	31	add_koreacustomdocument
122	Can change Таможенный документ	31	change_koreacustomdocument
123	Can delete Таможенный документ	31	delete_koreacustomdocument
124	Can view Таможенный документ	31	view_koreacustomdocument
125	Can add Дополнительный ссылки	32	add_koreaextralink
126	Can change Дополнительный ссылки	32	change_koreaextralink
127	Can delete Дополнительный ссылки	32	delete_koreaextralink
128	Can view Дополнительный ссылки	32	view_koreaextralink
129	Can add Платежи	33	add_koreapayment
130	Can change Платежи	33	change_koreapayment
131	Can delete Платежи	33	delete_koreapayment
132	Can view Платежи	33	view_koreapayment
133	Can add Фотография c доставки в ТК	34	add_koreatkphoto
134	Can change Фотография c доставки в ТК	34	change_koreatkphoto
135	Can delete Фотография c доставки в ТК	34	delete_koreatkphoto
136	Can view Фотография c доставки в ТК	34	view_koreatkphoto
137	Can add Фото из Беларуси	35	add_usabelarusphoto
138	Can change Фото из Беларуси	35	change_usabelarusphoto
139	Can delete Фото из Беларуси	35	delete_usabelarusphoto
140	Can view Фото из Беларуси	35	view_usabelarusphoto
141	Can add Фото из Москвы	36	add_usamoscowphoto
142	Can change Фото из Москвы	36	change_usamoscowphoto
143	Can delete Фото из Москвы	36	delete_usamoscowphoto
144	Can view Фото из Москвы	36	view_usamoscowphoto
145	Can add Фото открытия контейнера в Литве	37	add_usaopenphoto
146	Can change Фото открытия контейнера в Литве	37	change_usaopenphoto
147	Can delete Фото открытия контейнера в Литве	37	delete_usaopenphoto
148	Can view Фото открытия контейнера в Литве	37	view_usaopenphoto
149	Can add Фото при заборе перевозчиком из Литвы	38	add_usatakenphoto
150	Can change Фото при заборе перевозчиком из Литвы	38	change_usatakenphoto
151	Can delete Фото при заборе перевозчиком из Литвы	38	delete_usatakenphoto
152	Can view Фото при заборе перевозчиком из Литвы	38	view_usatakenphoto
153	Can add Аукцион	39	add_auction
154	Can change Аукцион	39	change_auction
155	Can delete Аукцион	39	delete_auction
156	Can view Аукцион	39	view_auction
157	Can add Порт	40	add_port
158	Can change Порт	40	change_port
159	Can delete Порт	40	delete_port
160	Can view Порт	40	view_port
161	Can add Локация	41	add_location
162	Can change Локация	41	change_location
163	Can delete Локация	41	delete_location
164	Can view Локация	41	view_location
165	Can add Курс валюты	42	add_exchangerate
166	Can change Курс валюты	42	change_exchangerate
167	Can delete Курс валюты	42	delete_exchangerate
168	Can view Курс валюты	42	view_exchangerate
\.


--
-- Data for Name: calculator_auction; Type: TABLE DATA; Schema: public; Owner: postgres
--

COPY public.calculator_auction (id, name, auction_type, is_active) FROM stdin;
1	Manheim	manheim	t
2	Sublot IAA	sublot_iaa	t
3	Sublot Copart	sublot_copart	t
4	Copart	copart	t
5	IAA	iaa	t
\.


--
-- Data for Name: calculator_location; Type: TABLE DATA; Schema: public; Owner: postgres
--

COPY public.calculator_location (id, name, delivery_cost, is_active, auction_id, port_id) FROM stdin;
6	AL 3101 DAVEY ALLISON BLVD BIRMINGHAM AL 35023	550.00	t	3	4
7	AL ADESA Birmingham (AL)	455.00	t	5	5
8	AL Anchorag	2130.00	t	5	4
9	AL BIRMINGHAM	480.00	t	1	4
10	AL BIRMINGHAM	495.00	t	5	4
11	AL BIRMINGHAM	480.00	t	4	4
12	AL BIRMINGHAM AL SUBLOT	480.00	t	1	4
13	AL BIRMINGHAM AL SUBLOT	480.00	t	4	4
14	AL Dothan	430.00	t	5	4
15	AL DOTHAN	430.00	t	4	4
16	AL DOTHAN	430.00	t	1	4
17	AL Huntsville	470.00	t	5	4
18	AL MOBILE	480.00	t	1	4
19	AL MOBILE	480.00	t	4	4
20	AL MOBILE SOUTH	460.00	t	1	4
21	AL MOBILE SOUTH	460.00	t	4	4
22	AL MONTGOMERY	480.00	t	4	4
23	AL MONTGOMERY	480.00	t	1	4
24	AL TANNER	480.00	t	4	4
25	AL TANNER	480.00	t	1	4
26	AL THEODORE SUBLOT 9401 OLD PASCAGOULA RD THEODORE AL 36582	585.00	t	3	4
27	AR Benton, AR BENTON,AR,72015	580.00	t	2	2
28	AR FAYETTEVILLE	545.00	t	4	2
29	AR FAYETTEVILLE	545.00	t	1	2
30	AR FAYETTEVILLE	515.00	t	5	2
31	AR LITTLE ROCK	545.00	t	5	2
32	AR LITTLE ROCK	515.00	t	1	2
33	AR LITTLE ROCK	515.00	t	4	2
34	AR NORTH LITTLE ROCK, AR,72117	630.00	t	2	2
35	AZ 2299 W BROADWAY RD PHOENIX,AZ,85041	520.00	t	2	3
36	AZ GRAND TURISMO MOTERZ 4032 N 7TH STREET PHOENIX AZ 85014	585.00	t	3	3
37	AZ PHOENIX	520.00	t	1	3
38	AZ PHOENIX	520.00	t	4	3
39	AZ PHOENIX	520.00	t	5	3
40	AZ PHOENIX NORTH	520.00	t	1	3
41	AZ PHOENIX NORTH	520.00	t	4	3
42	AZ TUCSON	580.00	t	5	3
43	AZ TUCSON	580.00	t	1	3
44	AZ TUCSON	580.00	t	4	3
45	CA 1000 E LOMITA BLVD.WILMINGTON CA 90744	315.00	t	3	3
46	CA 11201 PENDLETON ST SUN WALLEY CA 91352	335.00	t	3	3
47	CA 11399 SANTA FE AVE E HESPERIA,CA,92345	390.00	t	2	3
48	CA 1267 HWY 99 GRIDLEY CA 95948	610.00	t	3	3
49	CA 12743 LLAGA AVE SAN MARTIN CA 95046	530.00	t	3	3
50	CA 13901 SAN BERNARDINO AVE FONTANA,CA,92335	355.00	t	2	3
51	CA 14320 SOLEDAD CANYON RD SANTA CLARITA,CA,91387	380.00	t	2	3
52	CA 1903 BLINN AVE WILMINGTON,CA,90744	370.00	t	2	3
53	CA 2348 INDUSTRIAL PKWY W HAYWARD CA 94545	530.00	t	3	3
54	CA 2961 EAST LA JOLLA STREET ANAHEIM,CA,92806	370.00	t	2	3
55	CA 3600 PYRITE ST JURUPA VALLEY,CA,92509	360.00	t	2	3
56	CA 43927 90TH STREET LANCASTER CA 93535	480.00	t	3	3
57	CA 7245 LAUREL CANYON BLVD LOS ANGELES,CA,91605	370.00	t	2	3
58	CA 775 HARLEY KNOX BLVD PERRIS,CA,92571	440.00	t	2	3
59	CA 792 CODONI AVE MODESTO CA 95357	580.00	t	3	3
60	CA 8650 ANTELOPE NORTH ROAD ANTELOPE CA 95843	600.00	t	3	3
61	CA 8780 FRUITRIDGE ROAD SACRAMENTO CA 95826	595.00	t	3	3
62	CA 918 MISSION ROCK ROAD B-1 SANTA PAULA CA 93060	390.00	t	3	3
63	CA ACE Carson (CA)	370.00	t	5	3
64	CA ACE - Perris	440.00	t	5	3
65	CA ADELANTO	340.00	t	1	3
66	CA ADELANTO	340.00	t	4	3
67	CA Anaheim	330.00	t	5	3
68	CA ANTELOPE	555.00	t	1	3
69	CA ANTELOPE	555.00	t	4	3
70	CA At the North Hollywood (CA) branch 7245 LAUREL CANYON BLVD LOS ANGELES,CA,91605	370.00	t	2	3
71	CA BAKERSFIELD	405.00	t	1	3
72	CA BAKERSFIELD	405.00	t	4	3
73	CA BURBANK	400.00	t	5	3
74	CA CHULA VISTA,CA,91911	470.00	t	2	3
75	CA Colton	340.00	t	5	3
76	CA COPART SAN JOSE SUBLOT 2542 MONTEREY RD.GATE D SAN JOSE CA 95111	580.00	t	3	3
77	CA COPART VALLEJO SUBLOT 2744 GREEN ISLAND ROAD AMERICAN CANYON CA 94503	600.00	t	3	3
78	CA East Bay	505.00	t	5	3
79	CA Fontana	350.00	t	5	3
80	CA Fremont	505.00	t	5	3
81	CA FRESNO	480.00	t	5	3
82	CA FRESNO	480.00	t	4	3
83	CA FRESNO	480.00	t	1	3
84	CA Fresno Offsite - 337 FRESNO,CA,93725	540.00	t	2	3
85	CA Harbor City, CA 90710 HARBOR CITY,CA,90710	330.00	t	2	3
86	CA HAYWARD	530.00	t	4	3
87	CA HAYWARD	530.00	t	1	3
88	CA High Desert	430.00	t	5	3
89	CA LA MEDIA SUBLOT 1369 RADAR RD SAN DIEGO CA 92154	455.00	t	3	3
90	CA LANCASTER CA SUBLOT	480.00	t	4	3
91	CA LANCASTER CA SUBLOT	480.00	t	1	3
92	CA LAWNDALE,CA,90260	380.00	t	2	3
93	CA LONG BEACH	330.00	t	1	3
94	CA LONG BEACH	330.00	t	4	3
95	CA Los Angeles	370.00	t	5	3
96	CA LOS ANGELES	380.00	t	4	3
97	CA LOS ANGELES	380.00	t	1	3
98	CA Los Angeles IAA 18300 S VERMONT AVE GARDENA,CA,90248	370.00	t	2	3
99	CA Los Angeles South	370.00	t	5	3
100	CA MARTINEZ	505.00	t	1	3
101	CA MARTINEZ	505.00	t	4	3
102	CA MENTONE	380.00	t	4	3
103	CA MENTONE	380.00	t	1	3
104	CA NAPA	400.00	t	4	3
105	CA NoHo 3 BURBANK,CA,91505	335.00	t	2	3
106	CA North Hollywood	370.00	t	5	3
107	CA OTAY SUBLOT 7277 OTAY MESA RD.SAN DIEGO CA 92154	455.00	t	3	3
108	CA PERRIS SUBLOT 4332 N WEBSTER AVE PERRIS CA 92571	390.00	t	3	3
109	CA RANCHO CUCAMONGA	390.00	t	1	3
110	CA RANCHO CUCAMONGA	390.00	t	4	3
111	CA REDDING	665.00	t	1	3
112	CA REDDING	665.00	t	4	3
113	CA RIVERSIDE 3600 PYRITE ST RIVERSIDE,CA,92509	360.00	t	2	3
114	CA Sacramento	505.00	t	5	3
115	CA SACRAMENTO	530.00	t	4	3
116	CA SACRAMENTO	530.00	t	1	3
117	CA SACRAMENTO CA SUBLOT	615.00	t	1	3
118	CA SACRAMENTO CA SUBLOT	615.00	t	4	3
119	CA San Bernadino Off Site 137 SAN BERNARDINO,CA,92407	385.00	t	2	3
120	CA SAN BERNARDINO	350.00	t	4	3
121	CA SAN BERNARDINO	350.00	t	1	3
122	CA SAN DIEGO	470.00	t	5	3
123	CA SAN DIEGO	470.00	t	1	3
124	CA SAN DIEGO	470.00	t	4	3
125	CA SAN JOSE	505.00	t	1	3
126	CA SAN JOSE	505.00	t	4	3
127	CA Santa Clarita	380.00	t	5	3
128	CA SANTA PAULA CA SUBLOT	440.00	t	4	3
129	CA SANTA PAULA CA SUBLOT	440.00	t	1	3
130	CA South Gate, CA SOUTH GATE,CA,90280	480.00	t	2	3
131	CA Stockton	630.00	t	5	3
132	CA SUN VALLEY	330.00	t	4	3
133	CA SUN VALLEY	330.00	t	1	3
134	CA VALLEJO	505.00	t	1	3
135	CA VALLEJO	505.00	t	4	3
136	CA VAN NUYS	380.00	t	4	3
137	CA VAN NUYS	380.00	t	1	3
138	CO 1031 S.ROYER STREET COLORADO SPRINGS CO 80903	880.00	t	3	2
139	CO 1280 HIGHWAY 50 DELTA,CO,81416	880.00	t	2	2
140	CO 1528 10 RD MACK CO 81525	820.00	t	3	2
141	CO 247 WOOTEN ROAD COLORADO SPRINGS CO 80916	730.00	t	3	2
142	CO 560 AIR LN COLORADO SPRINGS CO 80929	710.00	t	3	2
143	CO COLFAX MOTORS - offiste DENVER,CO,80220	800.00	t	2	2
144	CO Colorado Springs	1030.00	t	5	1
145	CO COLORADO SPRINGS	730.00	t	4	3
146	CO COLORADO SPRINGS	730.00	t	1	3
147	CO DENVER	680.00	t	1	3
148	CO DENVER	680.00	t	4	3
149	CO DENVER CENTRAL	680.00	t	1	3
150	CO DENVER CENTRAL	680.00	t	4	3
151	CO DENVER EAST	680.00	t	5	2
152	CO DENVER SOUTH	705.00	t	1	3
153	CO DENVER SOUTH	705.00	t	4	3
154	CO FORT LUPTON	830.00	t	1	3
155	CO FORT LUPTON	830.00	t	4	3
156	CO JB MECHANICAL 4205 W.13TH ST PUEBLO CO 81005	810.00	t	3	3
157	CO NUNN SUBLOT 925 LONE TREE CIRCLE NUNN CO 80648	780.00	t	3	2
158	CO Western Colorado	1110.00	t	5	2
159	CT 525 CHRISTIAN LANE BERLIN CT 06037	390.00	t	3	1
160	CT BERLIN CT SUBLOT	455.00	t	4	1
161	CT BERLIN CT SUBLOT	455.00	t	1	1
162	CT Hardford	380.00	t	5	1
163	CT Hardford South	380.00	t	5	1
164	CT HARTFORD	380.00	t	4	1
165	CT HARTFORD	380.00	t	1	1
166	CT HARTFORD SOUTH 525 CHRISTIAN LANE NEW BRITAIN CT 06051	410.00	t	2	1
167	CT HARTFORD SOUTH 525 CHRISTIAN LANE NEW BRITAIN CT 06051	410.00	t	3	1
168	CT HARTFORD SPRINGFIELD	455.00	t	1	1
169	CT HARTFORD SPRINGFIELD	455.00	t	4	1
170	CT NORTH SUBLOT 625 CHRISTIAN LANE NEW BRITAIN CT 06051	410.00	t	3	1
171	DE 417 OLD AIRPORT ROAD NEW CASTLE,DE,19720	380.00	t	2	1
172	DE DELMAR,DE,19940	475.00	t	2	1
173	DE New Castle	380.00	t	5	1
174	DE SEAFORD	455.00	t	4	1
175	DE SEAFORD	455.00	t	1	1
176	FL 10950 NORMANDY BLVD JACKSONVILLE,FL,32221	430.00	t	2	4
177	FL 1208 17TH STREET EAST PALMETTO,FL,34221	370.00	t	2	5
178	FL 12511 U.S. 301 THONOTOSASSA FL 33592	530.00	t	3	5
179	FL 12850 NW 27TH AVE.OPA LOCKA FL 33054	380.00	t	3	5
180	FL 1857 US-331 N DEFUNIAK SPRINGS,FL,32433	570.00	t	2	5
181	FL 1 SPEEDWAY BLVD HOMESTEAD FL 33035	280.00	t	3	5
182	FL 3005 CR 835 CLEWISTON,FL,33440	530.00	t	2	5
183	FL 300 SETZER RD JACKSONVILLE FL 32218	430.00	t	3	4
184	FL 307 E LANDSTREET RD 32824	355.00	t	3	5
185	FL 3800 NW 16TH BOULEVARD OKEECHOBEE FL 34972	530.00	t	3	5
186	FL 4545 COUNTY RD 835 CLEWISTON FL 33440	530.00	t	3	5
187	FL 6275 SW 196TH AVE FORT LAUDERDALE,FL,33332	330.00	t	2	5
188	FL 6522 OLD US-41 A TAMPA,FL,33619	505.00	t	2	5
189	FL 9801 BOGGY CREEK RD ORLANDO,FL,32824	485.00	t	2	5
190	FL ADESA-Off Site 11700 NEW KINGS ROAD JACKSONVILLE,FL,32219	430.00	t	2	4
191	FL BOCA RATON,FL,33487	330.00	t	2	5
850	TX DALLAS	330.00	t	4	2
192	FL Clearwater	350.00	t	5	5
193	FL COCONUT CREEK,FL,33063	380.00	t	2	5
194	FL COPART - DOVER SUBLOT 15237 DR. MLK JR BLVD DOVER FL 33527	495.00	t	3	5
195	FL Fort Myers	560.00	t	5	4
196	FL FORT MYERS OFFSITE 749 850 PONDELLA RD NORTH FORT MYERS,FL,33903	450.00	t	2	5
197	FL FT. PIERCE	280.00	t	5	5
198	FL FT.PIERCE	280.00	t	1	5
199	FL FT.PIERCE	280.00	t	4	5
200	FL HOLLYWOOD,FL,33023	360.00	t	2	5
201	FL JACKSONVILLE	330.00	t	5	4
202	FL JACKSONVILLE EAST	180.00	t	1	4
203	FL JACKSONVILLE EAST	180.00	t	4	4
204	FL JACKSONVILLE NORTH	330.00	t	4	4
205	FL JACKSONVILLE NORTH	330.00	t	1	4
206	FL JACKSONVILLE SOUTH	450.00	t	1	5
207	FL JACKSONVILLE SOUTH	450.00	t	4	5
208	FL JACKSONVILLE WEST	180.00	t	1	4
209	FL JACKSONVILLE WEST	180.00	t	4	4
210	FL Jupiter	380.00	t	5	5
211	FL Miami	280.00	t	5	5
212	FL MIAMI CENTRAL	380.00	t	4	5
213	FL MIAMI CENTRAL	380.00	t	1	5
214	FL MIAMI NORTH	380.00	t	4	5
215	FL MIAMI NORTH	330.00	t	5	5
216	FL MIAMI NORTH	380.00	t	1	5
217	FL Miami-North 2 Offsite 6275 SW 196TH AVE PEMBROKE PINES,FL,33332	330.00	t	2	5
218	FL MIAMI NORTH (FL)	330.00	t	5	5
219	FL MIAMI SOUTH	380.00	t	1	5
220	FL MIAMI SOUTH	380.00	t	4	5
221	FL MULBERRY SUBLOT 4201 BONNIE MINE RD MULBERRY FL 33860	490.00	t	3	5
222	FL OCALA	330.00	t	1	5
223	FL OCALA	330.00	t	4	5
224	FL ORLANDO	330.00	t	5	5
225	FL Orlando-North	330.00	t	5	5
226	FL ORLANDO NORTH	280.00	t	4	5
227	FL ORLANDO NORTH	280.00	t	1	5
228	FL ORLANDO SOUTH	980.00	t	1	1
229	FL ORLANDO SOUTH	980.00	t	4	1
230	FL Pensacola	430.00	t	5	5
231	FL PUNTA GORDA	1030.00	t	4	1
232	FL PUNTA GORDA	1030.00	t	1	1
233	FL PUNTA GORDA SOUTH	530.00	t	1	5
234	FL PUNTA GORDA SOUTH	530.00	t	4	5
235	FL TALLAHASSEE	580.00	t	1	5
236	FL TALLAHASSEE	580.00	t	4	5
237	FL Tampa North	380.00	t	5	5
238	FL TAMPA SOUTH	600.00	t	4	4
239	FL TAMPA SOUTH	1080.00	t	1	1
240	FL Tempa	330.00	t	5	5
241	FL West Palm Beach	380.00	t	5	5
242	FL WEST PALM BEACH	380.00	t	1	5
243	FL WEST PALM BEACH	380.00	t	4	5
244	FL YARD 137 PUNTA GORDA 5017 DUNCAN ROAD PUNTA GORDA FL 33982	530.00	t	3	5
245	GA 401 EAST VERTIA STREET METTER GA 30439	370.00	t	3	4
246	GA 500 LYLE FIELD ROAD JEFFERSON GA 30549	480.00	t	3	4
247	GA 6737 ROOSEVELT HWY FAIRBURN GA 30213	600.00	t	3	4
248	GA Atlanta East	430.00	t	5	4
249	GA ATLANTA EAST	430.00	t	5	4
250	GA ATLANTA EAST	430.00	t	1	4
251	GA ATLANTA EAST	430.00	t	4	4
252	GA ATLANTA NORTH	380.00	t	4	4
253	GA ATLANTA NORTH	430.00	t	5	4
254	GA ATLANTA NORTH	380.00	t	1	4
255	GA ATLANTA SOUTH	570.00	t	4	4
256	GA ATLANTA SOUTH	570.00	t	1	4
257	GA ATLANTA SOUTH	430.00	t	5	4
258	GA ATLANTA WEST	430.00	t	1	4
259	GA ATLANTA WEST	430.00	t	4	4
260	GA AUGUSTA	430.00	t	1	4
261	GA AUGUSTA	430.00	t	4	4
262	GA AUTO FORUM GROUP 5403 HWY 138 STE A OXFORD GA 30054	490.00	t	3	4
263	GA CARTERSVILLE	410.00	t	1	4
264	GA CARTERSVILLE	410.00	t	4	4
265	GA Cochran, GA COCHRAN,GA,31014	430.00	t	2	4
266	GA Contact IAA branch MACON,GA,31204	440.00	t	2	4
267	GA CRASHEDTOYS ATLANTA	380.00	t	1	4
268	GA CRASHEDTOYS ATLANTA	380.00	t	4	4
269	GA DELTA CIRCLE 7290 DELTA CIRCLE AUSTELL GA 30168	500.00	t	3	4
270	GA EAST POINT	380.00	t	1	4
271	GA EAST POINT	380.00	t	4	4
272	GA FAIRBURN	520.00	t	4	4
273	GA FAIRBURN	520.00	t	1	4
274	GA MACON	380.00	t	5	4
275	GA MACON	510.00	t	4	4
276	GA MACON	510.00	t	1	4
277	GA METTER GA SUBLOT	380.00	t	4	4
278	GA METTER GA SUBLOT	380.00	t	1	4
279	GA NHRH OFF SITE 706 COMMERCE,GA,30529	495.00	t	2	4
280	GA Offsite - Lilburn GA 30047 LILBURN,GA,30047	500.00	t	2	4
281	GA SAVANNAH	370.00	t	1	4
282	GA SAVANNAH	230.00	t	5	4
283	GA SAVANNAH	370.00	t	4	4
284	GA TIFTON	380.00	t	5	4
285	GA TIFTON	450.00	t	4	4
286	GA TIFTON	450.00	t	1	4
287	HI Honolulu	2610.00	t	5	3
288	HI Honolulu/91 - 445A Komoha	2610.00	t	5	3
289	IA 169 DAVENPORT SUBLOT 200 E 1ST ST DAVENPORT IA 52806	730.00	t	3	1
290	IA AA Des Moines 1000 ARMSTRONG DRIVE DE SOTO,IA,50069	780.00	t	2	1
291	IA CRASHEDTOYS ELDRIDGE	730.00	t	1	1
292	IA CRASHEDTOYS ELDRIDGE	730.00	t	4	1
293	IA Davenplace	705.00	t	5	1
294	IA DAVENPORT	730.00	t	1	1
295	IA DAVENPORT	730.00	t	4	1
296	IA DAVENPORT SUBLOT 3601 SOUTH 1ST STREET ELDRIDGE IA 52748	730.00	t	3	1
297	IA Des Moines	730.00	t	5	1
298	IA DES MOINES	730.00	t	1	1
299	IA DES MOINES	730.00	t	4	1
300	IA IAA Des Moines Offsite 3277 UTE AVE WAUKEE,IA,50263	780.00	t	2	1
301	IA Iowa Speedway CAT 534 NEWTON,IA,50208	740.00	t	2	1
302	IA METRO 4300 DELAWARE AVENUE DES MOINES IA 50313	750.00	t	3	1
303	ID BOISE	880.00	t	5	3
304	ID BOISE	880.00	t	1	1
305	ID BOISE	880.00	t	4	1
306	IL 31W 120 W BARTLETT RD BARTLETT IL 60103	660.00	t	3	1
307	IL 511 - MONTGOMERY 325 IL-31 S MONTGOMERY,IL,60538	680.00	t	2	1
308	IL 99 RACEHORSE DRIVE ALORTON ILLINOIS 62207	700.00	t	3	1
309	IL 99 RACEHORSE DRIVE EAST ST LOUIS IL 62205	690.00	t	3	1
310	IL ALORTON	680.00	t	1	1
311	IL ALORTON	680.00	t	4	1
312	IL CHICAGO, IL, 60632	650.00	t	2	1
313	IL CHICAGO NORTH	630.00	t	5	1
314	IL CHICAGO NORTH	630.00	t	1	1
315	IL CHICAGO NORTH	630.00	t	4	1
316	IL CHICAGO SOUTH	650.00	t	4	1
317	IL CHICAGO SOUTH	630.00	t	5	1
318	IL CHICAGO SOUTH	630.00	t	1	1
319	IL CHICAGO WEST	580.00	t	5	1
320	IL IAA St. Louis Off-Site CENTREVILLE,IL,62207	695.00	t	2	1
321	IL LINCOLN	705.00	t	5	1
322	IL LOUIS IL SUBLOT	730.00	t	4	1
323	IL LOUIS IL SUBLOT	730.00	t	1	1
324	IL MIDLOTHIAN,IL,60445	650.00	t	2	1
325	IL ONLINE EXCLUSIVE ENTERPRISE 2040 E. ALGONQUIN RD SCHAUMBURG,IL,60173	660.00	t	2	1
326	IL PEORIA	660.00	t	4	1
327	IL PEORIA	660.00	t	1	1
328	IL SOUTHERN ILLINOIS	680.00	t	1	1
329	IL SOUTHERN ILLINOIS	680.00	t	4	1
330	IL Specialty Division	600.00	t	5	1
331	IL St. Louis	630.00	t	5	1
332	IL VEH LOC @ WOODMAR SUBLOT HEIGHTS SUBLOT 1301 S STATE ST CHICAGO HEIGHTS IL 60411	645.00	t	3	1
333	IL WHEELING	580.00	t	4	1
334	IL WHEELING	580.00	t	1	1
335	IL yville YVILLE,IL,62232	690.00	t	2	1
336	IN 1535 E.226TH ST CICERO IN 46034	630.00	t	3	1
337	IN 1947 SOUTH COUNTY ROAD (SCR) 1240 E CROTHERSVILLE,IN,47229	730.00	t	2	1
338	IN 4300 OXFORD ST FORT WAYNE,IN,46806	680.00	t	2	1
339	IN CICERO	730.00	t	1	1
340	IN CICERO	730.00	t	4	1
341	IN DYER	650.00	t	4	1
342	IN DYER	650.00	t	1	1
343	IN Fort Wayne	680.00	t	5	1
344	IN FORT WAYNE	630.00	t	1	1
345	IN FORT WAYNE	630.00	t	4	1
346	IN HAMMOND	605.00	t	1	1
347	IN HAMMOND	605.00	t	4	1
348	IN HARTFORD CITY	655.00	t	1	1
349	IN HARTFORD CITY	655.00	t	4	1
350	IN IAA Indy Minnesota Street INDIANAPOLIS,IN,46241	630.00	t	2	1
351	IN Indianapolis	630.00	t	5	1
352	IN INDIANAPOLIS	655.00	t	1	1
353	IN INDIANAPOLIS	655.00	t	4	1
354	IN Indianapolis (IN)	730.00	t	5	1
355	IN South Bend	680.00	t	5	1
356	KS KANSAS CITY	630.00	t	4	2
357	KS KANSAS CITY	630.00	t	5	2
358	KS KANSAS CITY	630.00	t	1	2
359	KS KANSAS CITY SUBLOT A 6130 KANSAS AVE KANSAS CITY KS 66111	705.00	t	3	2
360	KS WICHITA	580.00	t	5	2
361	KS WICHITA	580.00	t	1	2
362	KS WICHITA	580.00	t	4	2
363	KY 1825 SOUTH PRESTON HIGHWAY SHEPHERDSVILLE,KY,40165	680.00	t	2	4
364	KY 710 WOODFORD AVENUE BOWLING GREEN,KY,42101	680.00	t	2	4
365	KY Ashland KY	680.00	t	5	4
366	KY Bowling Green, KY	680.00	t	5	4
367	KY EARLINGTON	680.00	t	1	4
368	KY EARLINGTON	680.00	t	4	4
369	KY EARLINGTON SUBLOT 700 N SANDCUT ROAD EARLINGTON KY 42410	680.00	t	3	4
370	KY GREENVILLE SUBLOT 5770 US HWY 62 W GREENVILLE KY 42345	680.00	t	3	4
371	KY LAWRENCEBURG SUBLOT 1051 INDUSTRIAL RD LAWRENCEBURG KY 40342	680.00	t	3	4
372	KY LEXINGTON EAST	680.00	t	1	4
373	KY LEXINGTON EAST	680.00	t	4	4
374	KY LEXINGTON WEST	680.00	t	4	4
375	KY LEXINGTON WEST	680.00	t	1	4
376	KY Louisville	680.00	t	5	4
377	KY LOUISVILLE	680.00	t	1	4
378	KY LOUISVILLE	680.00	t	4	4
379	KY LOUISVILLE NORTI	680.00	t	5	4
380	KY OUTER LOOP SUBLOT 1049 OUTER LOOP LOUISVILLE KY 40219	880.00	t	3	1
381	KY Paducah, KY	680.00	t	5	4
382	KY WALTON	680.00	t	1	4
383	KY WALTON	680.00	t	4	4
384	L 4460 HIGHWAY 162 GRANITE CITY,IL,62040	790.00	t	2	1
385	LA 1043 ORO TRAIL RD CROWLEY,LA,70526	515.00	t	2	2
386	LA 29000 S FROST RD LIVINGSTON,LA,70754	560.00	t	2	2
387	LA 301 MALAPART RD LAFAYETTE,LA,70507	535.00	t	2	2
388	LA 415 HWY 93 NORTH SCOTT,LA,70583	530.00	t	2	2
389	LA 48205 HIGHWAY 51 TICKFAW LA 70466	570.00	t	3	2
390	LA BATON ROUGE	400.00	t	5	2
391	LA BATON ROUGE	480.00	t	4	2
392	LA BATON ROUGE	480.00	t	1	2
393	LA Baton Rouge (LA)	400.00	t	5	2
394	LA IAA CAT Baton Rouge - Carville 5978 HIGHWAY 75 CARVILLE,LA,70721	560.00	t	2	2
395	LA Jennings Off-Site #760 JENNINGS,LA,70546	500.00	t	2	2
396	LA Lafovetto	380.00	t	5	2
397	LA NEW ORLEANS	420.00	t	4	2
398	LA NEW ORLEANS	420.00	t	1	2
399	LA NEW ORLEANS	280.00	t	5	2
400	LA NEW ORLEANS EAST	450.00	t	5	2
401	LA NORTH SCOTT	670.00	t	5	4
402	LA Shreveplace	380.00	t	5	2
403	LA SHREVEPORT	370.00	t	4	2
404	LA SHREVEPORT	370.00	t	1	2
405	LA TICKFAW LA SUBLOT	580.00	t	1	2
406	LA TICKFAW LA SUBLOT	580.00	t	4	2
407	MA BEST BUY AUTO 131 WASHINGTON ST ATTLEBORO MA 02703	475.00	t	3	1
408	MA Boston Shirley	430.00	t	5	1
409	MA COPART-053B 566 MAIN STREET HUDSON MA 01749	485.00	t	3	1
410	MA COPART - ROWLEY 164 BOXFORD ROAD ROWLEY MA 01969	500.00	t	3	1
411	MA FREETOWN	530.00	t	1	1
412	MA FREETOWN	530.00	t	4	1
413	MA Insurance Auto Auctions - Templeton2 411 BALDWINVILLE RD TEMPLETON,MA,01468	475.00	t	2	1
414	MA LANCASTER,MA,01523	480.00	t	2	1
415	MA NORTH BOSTON	430.00	t	4	1
416	MA NORTH BOSTON	430.00	t	1	1
417	MA-NORTH BOSTON 55R HIGH STREET BILLERICA MA 01862	430.00	t	3	1
418	MA SOUTH BOSTON	430.00	t	4	1
419	MA SOUTH BOSTON	430.00	t	1	1
420	MA Taunton	430.00	t	5	1
421	MA Templaton (MA)	480.00	t	5	1
422	MA WEST WARREN	430.00	t	4	1
423	MA WEST WARREN	430.00	t	1	1
424	MD 11715 PULASKI HWY WHITE MARSH MD 21162	440.00	t	3	1
425	MD 601 W PATAPSCO AVE BALTIMORE MD 21225	455.00	t	3	1
426	MD 7131 VIRGINIA MANOR CT LAUREL,MD,20707	460.00	t	2	1
427	MD BALTIMORE	405.00	t	5	1
428	MD BALTIMORE	405.00	t	4	1
429	MD BALTIMORE	405.00	t	1	1
430	MD BALTIMORE EAST	455.00	t	4	1
431	MD BALTIMORE EAST	455.00	t	1	1
432	MD BALTIMORE MD SUBLOT	455.00	t	4	1
433	MD BALTIMORE MD SUBLOT	455.00	t	1	1
434	MD(DC) WASHINGTON DC	405.00	t	1	1
435	MD(DC) WASHINGTON DC	405.00	t	4	1
436	MD Dundalk	405.00	t	5	1
437	MD Dundalk Offsite 770 BALTIMORE,MD,21213	450.00	t	2	1
438	MD Elkton	480.00	t	5	1
439	MD FRUITLAND SUBLOT 626 S FRUITLAND BLVD FRUITLAND MD 21826	485.00	t	3	1
440	MD Laurel	430.00	t	5	1
441	MD Metro DC	405.00	t	5	1
442	MD Rosedale	430.00	t	5	1
443	MD WHITE MARSH SUBLOT	455.00	t	4	1
444	MD WHITE MARSH SUBLOT	455.00	t	1	1
445	MD WHITE PLAINS	430.00	t	5	1
446	MD White Plains Aux Lot 4840 CRAIN HIGHWAY WHITE PLAINS,MD,20695	495.00	t	2	1
447	ME 40 HOLMES ROAD SCARBOROUGH ME 04074	580.00	t	3	1
448	ME 486 MAIN ROAD ORONO ME 04473	730.00	t	3	1
449	ME 53 WEST GRAY RD GRAY ME 04039	580.00	t	3	1
450	ME COPART 40 HOLMES ROAD SCARBOROUGH ME 04074	580.00	t	2	1
451	ME GRAY ME SUBLOT	580.00	t	1	1
452	ME GRAY ME SUBLOT	580.00	t	4	1
453	ME LYMAN	580.00	t	1	1
454	ME LYMAN	580.00	t	4	1
455	ME ORONO ME SUBLOT	680.00	t	4	1
456	ME ORONO ME SUBLOT	680.00	t	1	1
457	ME placeland - Gorham	580.00	t	5	1
458	ME WINDHAM	680.00	t	1	1
459	ME WINDHAM	680.00	t	4	1
460	MI ADESA Great Lakes 573 SOUTH TUSCOLA ROAD BAY CITY,MI,48708	830.00	t	2	1
461	MI DETROIT	680.00	t	5	1
462	MI DETROIT	680.00	t	1	1
463	MI DETROIT	680.00	t	4	1
464	MI Detroit B & G Lot-8100 lynch rd 9100 LYNCH RD. DETROIT,MI,48234	680.00	t	2	1
465	MI FLINT	680.00	t	1	1
466	MI FLINT	680.00	t	4	1
467	MI Grand Rapids	680.00	t	5	1
468	MI Grand Rapids Reed & Hoppes 2661 EAST GRAND RIVER AVE. PORTLAND, MI, 48875	680.00	t	2	1
469	MI Great Lakes	830.00	t	5	1
470	MI IONIA	680.00	t	4	1
471	MI IONIA	680.00	t	1	1
472	MI KINCHELOE	1055.00	t	1	1
473	MI KINCHELOE	1055.00	t	4	1
474	MI LANSING	680.00	t	1	1
475	MI LANSING	680.00	t	4	1
476	MI Marine City, MI MARINE CITY,MI,48039	830.00	t	2	1
477	MI OFFSITE - Melvindale MI 48122 MELVINDALE,MI,48122	680.00	t	2	1
478	MI WAYLAND MI 49348	780.00	t	3	1
479	Ml Flint	680.00	t	5	1
480	MN 10588 CENTRAL AVE NE BLAINE MINNESOTA 55434	780.00	t	3	1
481	MN 13289 25TH AVE NW RICE,MN,56367	780.00	t	2	1
482	MN 1336 JACKSON ST SAINT PAUL,MN,55117	780.00	t	2	1
483	MN 15932 JARVIS ST NE ELK RIVER MN 55330	780.00	t	3	1
484	MN 20798 US HIGHWAY 10 BIG LAKE MN 55309	780.00	t	3	1
485	MN 2975 PARTRIDGE RD ROSEVILLE MN 55113	780.00	t	3	1
486	MN 2975 PARTRIDGE RD ROSEVILLE,MN,55113	780.00	t	2	1
487	MN 329 BUNKER LAKE BLVD HAM LAKE MN 55304	780.00	t	3	1
488	MN 3300 150TH STREET EAST FARIBAULT,MN,55021	780.00	t	2	1
489	MN COPART FRIDLEY SUBLOT 3737 EAST RIVER ROAD FRIDLEY MN 55421	780.00	t	3	1
490	MN CRASHEDTOYS EAST BETHEL	705.00	t	4	1
491	MN CRASHEDTOYS EAST BETHEL	705.00	t	1	1
492	MN CRASHEDTOYS MINNEAPOLIS	720.00	t	4	1
493	MN CRASHEDTOYS MINNEAPOLIS	720.00	t	1	1
494	MN HAM LAKE MN SUBLOT	780.00	t	1	1
495	MN HAM LAKE MN SUBLOT	780.00	t	4	1
496	MN IAA RED WING RED WING,MN,55066	780.00	t	2	1
497	MN Minneapolis	680.00	t	5	1
498	MN MINNEAPOLIS	720.00	t	4	1
499	MN MINNEAPOLIS	720.00	t	1	1
500	MN MINNEAPOLIS NORTH	730.00	t	1	1
501	MN MINNEAPOLIS NORTH	730.00	t	4	1
502	MN Minneapolis South	730.00	t	5	1
503	MN ST.CLOUD	705.00	t	4	1
504	MN ST.CLOUD	705.00	t	1	1
505	MO 1619 S GOLDEN AVE SPRINGFIELD MO 65807	730.00	t	3	4
506	MO 1795 DUNN ROAD SAINT LOUIS MO 63138	730.00	t	3	4
507	MO COLUMBIA	630.00	t	4	4
508	MO COLUMBIA	630.00	t	1	4
509	MO COPART BRIDGETON SUBLOT 3873 TAUSSIG AVENUE BRIDGETON MO 63044	730.00	t	3	4
510	MO Kansas City East	730.00	t	5	1
511	MO KANSAS CITY,MO,64129	680.00	t	2	4
512	MO SIKESTON	680.00	t	4	4
513	MO SIKESTON	680.00	t	1	4
514	MO Springfield	605.00	t	5	4
515	MO SPRINGFIELD	730.00	t	4	4
516	MO SPRINGFIELD	730.00	t	1	4
517	MO SPRINGFIELD MO SUBLOT	680.00	t	1	4
518	MO SPRINGFIELD MO SUBLOT	680.00	t	4	4
519	MO Squires Towing AFFTON,MO,63123	730.00	t	2	1
520	MO ST.LOUIS	680.00	t	4	4
521	MO ST.LOUIS	680.00	t	1	4
522	MS 100 BEASLEY RD JACKSON,MS,39206	765.00	t	2	1
523	MS BYRAM	630.00	t	5	2
524	MS Grenada	550.00	t	5	2
525	MS GRENADA	550.00	t	1	2
526	MS GRENADA	550.00	t	4	2
527	MS Gulf Coast	430.00	t	5	2
528	MS IAA Byram 7670 SIWELL ROAD BYRAM,MS,39272	600.00	t	2	2
529	MS Jackson	630.00	t	5	2
530	MS JACKSON	460.00	t	1	2
531	MS JACKSON	460.00	t	4	2
532	MT 4U COLLISION CENTER 23 8TH AVE NE CONRAD,MT,59425	1280.00	t	2	3
533	MT BILLINGS	980.00	t	5	3
534	MT BILLINGS	980.00	t	1	3
535	MT BILLINGS	980.00	t	4	3
536	MT HELENA	1180.00	t	1	3
537	MT HELENA	1180.00	t	4	3
538	MT Missoula	1030.00	t	5	3
539	NC 2668 HIGHWAY 601 SOUTH MOCKSVILLE NC 27028	580.00	t	3	4
540	NC 4019 NC HWY 72 W LUMBERTON NC 28360	480.00	t	3	4
541	NC 6500 ROZZELLES FERRY RD CHARLOTTE,NC,28214	500.00	t	2	4
542	NC 7940 US HWY 601 S CONCORD NC 28025	580.00	t	3	4
543	NC Asheville	495.00	t	5	4
544	NC Charlotte	430.00	t	5	4
545	NC CHINA GROVE	475.00	t	4	4
546	NC CHINA GROVE	475.00	t	1	4
547	NC Concord	555.00	t	5	4
548	NC CONCORD	380.00	t	1	4
549	NC CONCORD	380.00	t	4	4
550	NC DUNN - 747 4129 NC-242 DUNN,NC,28334	530.00	t	2	4
551	NC GASTONIA	580.00	t	1	4
552	NC GASTONIA	580.00	t	4	4
553	NC Greensboro	495.00	t	5	4
554	NC High Point	630.00	t	5	4
555	NC LUMBERTON NC SUBLOT	530.00	t	4	4
556	NC LUMBERTON NC SUBLOT	530.00	t	1	4
557	NC MEBANE	440.00	t	4	4
558	NC MEBANE	440.00	t	1	4
559	NC MEBANE SUBLOT 1941 US 70 MEBANE NC 27302	540.00	t	3	4
560	NC MOCKSVILLE	410.00	t	1	4
561	NC MOCKSVILLE	410.00	t	4	4
562	NC OFFSITE Monroe, NC 28110 MONROE,NC,28112	590.00	t	2	4
563	NC Raleigh	625.00	t	5	4
564	NC RALEIGH	510.00	t	4	4
565	NC RALEIGH	510.00	t	1	4
566	NC RALEIGH NORTH	530.00	t	4	4
567	NC RALEIGH NORTH	530.00	t	1	4
568	NC RICHLANDS,NC,28574	530.00	t	2	4
569	NC TKU AUTO SALES LLC 1204 N CHURCH ST BURLINGTON,NC,27217	530.00	t	2	4
570	NC Wilmington	460.00	t	5	4
571	NC WINSTON-SALEM SUBLOT 6775 REYNOLDA RD PFAFFTOWN NC 27040	530.00	t	3	4
572	NC YARD 54 310 COPART RD DUNN NC 28334	530.00	t	3	4
573	ND 1871 REVERE DRIVE BISMARCK ND 58501	1580.00	t	3	1
574	ND BISMARCK	1280.00	t	1	1
575	ND BISMARCK	1280.00	t	4	1
576	ND FARGO	1280.00	t	5	1
577	NE 13909 238TH STREET GREENWOOD,NE,68366	830.00	t	2	1
578	NE iaa omaha north lot OMAHA,NE,68110	780.00	t	2	1
579	NE LINCOLN	805.00	t	4	1
580	NE LINCOLN	805.00	t	1	1
581	NE Omaha	780.00	t	5	1
582	NH 75 LOWELL RD SALEM,NH,03079	490.00	t	2	1
583	NH CANDIA	530.00	t	4	1
584	NH CANDIA	530.00	t	1	1
585	NH Kingston, NH 03848 KINGSTON,NH,03848	510.00	t	2	1
586	NH Manchester	480.00	t	5	1
587	NH Salem 199 LAWRENCE RD SALEM,NH,03079	490.00	t	2	1
588	NJ 154 TENNENT RD 7 DAYS FREE STO MORGANVILLE NJ 07751	290.00	t	3	1
589	NJ 230 PENSION RD MANALAPAN,NJ,07726	330.00	t	2	1
590	NJ 253 HWY 34 MATAWAN NJ 07747	265.00	t	3	1
591	NJ 45 VICTORY PLAZA SOUTH AMBOY NJ 08879	290.00	t	3	1
592	NJ 700 FEDERAL BLVD CARTERET,NJ,07008	280.00	t	2	1
593	NJ 985 STATE ROUTE 57 PORT MURRAY,NJ,07865	310.00	t	2	1
594	NJ At the Central New Jersey (NJ) branch 426 TEXAS ROAD MORGANVILLE,NJ,07751	270.00	t	2	1
595	NJ Avenel New Jersey	280.00	t	5	1
596	NJ Central New Jersev	280.00	t	5	1
597	NJ COPART JOBSTOWN SUBLOT 304 NJ ROUTE 68 JOBSTOWN NJ 08041	310.00	t	3	1
598	NJ Englishtown	275.00	t	5	1
599	NJ Englishtown CAT Yard #611 230 PENSION RD ENGLISHTOWN,NJ,07726	330.00	t	2	1
600	NJ GLASSBORO EAST	355.00	t	4	1
601	NJ GLASSBORO EAST	355.00	t	1	1
602	NJ New Brunswick, NJ 08901 NEW BRUNSWICK,NJ,08901	280.00	t	2	1
603	NJ Northern New Jersey	270.00	t	5	1
604	NJ PARKWAY AUTO 578 MEMORIAL PKWY PHILLIPSBURG,NJ,08865	310.00	t	2	1
605	NJ port Murray	310.00	t	5	1
606	NJ Robbinsville, NJ ROBBINSVILLE,NJ,08691	330.00	t	2	1
607	NJ Savreville	280.00	t	5	1
608	NJ SOMERVILLE	290.00	t	1	1
609	NJ SOMERVILLE	290.00	t	4	1
610	NJ Southern New Jersey	330.00	t	5	1
611	NJ TRENTON	290.00	t	1	1
612	NJ TRENTON	290.00	t	4	1
613	NJ WILLIAMSTOWN SUBLOT 3398 SOUTH BLACK HORSE PIKE WILLIAMSTOWN NJ 08094	355.00	t	3	1
614	NJ Yard 69 GLASSBORO 781 JACOB HARRIS AVENUE GLASSBORO NJ 08028	355.00	t	3	1
615	NM ALBUQUERQUE	830.00	t	5	2
616	NM ALBUQUERQUE	830.00	t	4	2
617	NM ALBUQUERQUE	830.00	t	1	2
618	NM Albuquerque IAA Branch 4400 BROADWAY BLVD SE ALBUQUERQUE,NM,87105	700.00	t	2	3
619	NV CHUCK LENZIE COURT ARROLIME NV 89165	580.00	t	3	3
620	NV COPART CLAYTON SUBLOT 3441 N.CLAYTON ST.NORTH LAS VEGAS NV 89032	540.00	t	3	3
621	NV LAS VEGAS	500.00	t	1	3
622	NV LAS VEGAS	500.00	t	5	3
623	NV LAS VEGAS	500.00	t	4	3
624	NV LAS VEGAS WEST	540.00	t	4	3
625	NV LAS VEGAS WEST	540.00	t	1	3
626	NV RENO	680.00	t	4	3
627	NV RENO	680.00	t	1	3
628	NV RENO	680.00	t	5	3
629	NY 115 PORT WATSON ST CORTLAND,NY 13045	490.00	t	2	1
630	NY 1210 KINGS ROAD SCHENECTADY,NY,12303	405.00	t	2	1
631	NY 128 CENTRAL AVENUE BROCTON NY 14716	630.00	t	3	1
632	NY 21 RICE CT MEDFORD,NY,11763	380.00	t	2	1
633	NY 2731 TOWN LINE ROAD ALDEN NY 14004	590.00	t	3	1
634	NY 366 VULCAN STREET BUFFALO,NY,14207	580.00	t	2	1
635	NY 580 LATIN TOWN ROAD MARLBORO NY 12542	380.00	t	3	1
636	NY 71 PECONIC AVE MEDFORD,NY,11763	380.00	t	2	1
637	NY Albany	405.00	t	5	1
638	NY ALBANY	405.00	t	4	1
639	NY ALBANY	405.00	t	1	1
640	NY ALPHA AUTO 115 PORT WASTSON ST CORTLAND NY 13045	485.00	t	3	1
641	NY AMSTERDAM SUBLOT 5915 NY-30 AMSTERDAM NY 12010	470.00	t	3	1
642	NY Binghamton, NY 13903 BINGHAMTON,NY,13903	455.00	t	2	1
643	NY BROCTON NY SUBLOT	630.00	t	1	1
644	NY BROCTON NY SUBLOT	630.00	t	4	1
645	NY Buffalo	580.00	t	5	1
646	NY BUFFALO	590.00	t	1	1
647	NY BUFFALO	590.00	t	4	1
648	NY BUFFALO,NY,14227	830.00	t	2	1
649	NY COPART NEWBURGH SUBLOT 18 ROUTE 17K NEWBURGH NY 12550	380.00	t	3	1
650	NY Drive Auto Sales 656 PINE AIRE DRIVE BAYSHORE,NY,11706	320.00	t	2	1
651	NY HL2 EAST ROCHESTER,NY,14445	490.00	t	2	1
652	NY LATTINTOWN SUBLOT 574 LATTINTOWN ROAD MARLBORO NY 12542	410.00	t	3	1
653	NY LI - Calverton Airport 613 901 BURMAN BLVD CALVERTON,NY,11933	380.00	t	2	1
654	NY Long Island	380.00	t	5	1
655	NY LONG ISLAND	380.00	t	4	1
656	NY LONG ISLAND	380.00	t	1	1
657	NY Monticello-672 MONTICELLO,NY,12701	430.00	t	2	1
658	NY Newburgh	380.00	t	5	1
659	NY NEWBURGH	380.00	t	4	1
660	NY NEWBURGH	380.00	t	1	1
661	NY Rochester	505.00	t	5	1
662	NY ROCHESTER	505.00	t	1	1
663	NY ROCHESTER	505.00	t	5	1
664	NY ROCHESTER	505.00	t	4	1
665	NY S.I. SUBLOT 211 JOHNSON ST STATEN ISLAND 10309	380.00	t	3	1
666	NY small town auto MONTOUR FALLS,NY,14865	490.00	t	2	1
667	NY Staten Island	500.00	t	5	1
668	NY STATEN ISLAND,NY,10314	380.00	t	2	1
669	NY Syracuse	450.00	t	5	1
670	NY SYRACUSE	430.00	t	4	1
671	NY SYRACUSE	430.00	t	1	1
672	NY WEST NYACK,NY,10994	300.00	t	2	1
673	NY YOUNGS SUBLOT 1871 RT 9W MILTON NY 12547	360.00	t	3	1
674	OH AA Stimmel Road 420 STIMMEL ROAD COLUMBUS,OH,43223	580.00	t	2	1
675	OH AKRON	530.00	t	1	1
676	OH AKRON	530.00	t	4	1
677	OH Akron-Canton	530.00	t	5	1
678	OH Amelia IAA Cinci-South 1736 LINDALE MT. HOLLY RD AMELIA,OH,45102	680.00	t	2	1
679	OH At the Dayton (OH) branch 400 CHEROKEE DR DAYTON,OH,45417	680.00	t	2	1
680	OH Cincinnati	555.00	t	5	1
681	OH Cincinnati-South	605.00	t	5	1
682	OH CLEVELAND	555.00	t	5	1
683	OH CLEVELAND EAST	580.00	t	4	1
684	OH CLEVELAND EAST	580.00	t	1	1
685	OH CLEVELAND WEST	580.00	t	4	1
686	OH CLEVELAND WEST	580.00	t	1	1
687	OH Columbus	555.00	t	5	1
688	OH COLUMBUS	580.00	t	4	1
689	OH COLUMBUS	580.00	t	1	1
690	OH COLUMBUS	580.00	t	5	1
691	OH Dayton	580.00	t	5	1
692	OH DAYTON	580.00	t	4	1
693	OH DAYTON	580.00	t	1	1
694	OH Offsite - Carrollton OH 44615 CARROLLTON,OH,44615	555.00	t	2	1
695	OH Offsite - Cuyahoga Falls OH 44223 CUYAHOGA FALLS,OH,44223	555.00	t	2	1
696	OH Offsite -Elyria, OH 44035 ELYRIA,OH,44035	565.00	t	2	1
697	OH Offsite - Willoughby OH 44094 WILLOUGHBY,OH,44094	580.00	t	2	1
698	OH Tallmadge,OH 44278 TALLMADGE,OH,44278	560.00	t	2	1
699	OH Vermillion - North Ford Lot 8149 W. ERIE VERMILION,OH,44089	580.00	t	2	1
700	OK 5329 S MADERA BLVD OKLAHOMA CITY OK 73129	745.00	t	3	2
701	OK LINDA WOOLDRIDGE 2829 SE 15TH OKLAHOMA CITY OK 73129	745.00	t	3	2
702	OK OKLAHOMA CITY	480.00	t	5	2
703	OK OKLAHOMA CITY	480.00	t	4	2
704	OK OKLAHOMA CITY	480.00	t	1	2
705	OK TULSA	480.00	t	1	2
706	OK TULSA	480.00	t	5	2
707	OK TULSA	480.00	t	4	2
708	OR 3841 NORTH COLUMBIA BOULEVARD PORTLAND OR 97217	855.00	t	3	3
709	OR EUGENE	805.00	t	1	3
710	OR EUGENE	805.00	t	4	3
711	OR EUGENE	805.00	t	5	3
712	OR EUGENE,OR,97402	830.00	t	2	3
713	OR IAA St John Offiste 8524 N CRAWFORD AVE PORTLAND,OR,97203	830.00	t	2	3
714	OR Portland	830.00	t	5	3
715	OR PORTLAND NORTH	855.00	t	1	3
716	OR PORTLAND NORTH	855.00	t	4	3
717	OR Portland South	860.00	t	5	3
718	OR PORTLAND SOUTH	855.00	t	1	3
719	OR PORTLAND SOUTH	855.00	t	4	3
720	OR Portland West	855.00	t	5	3
721	OR PORTLAND WEST 10498 N VANCOUVER WAY PORTLAND,OR,97217	830.00	t	2	3
722	PA 77 BRISTOL RD CHALFONT PA 18914	350.00	t	3	1
723	PA 795 SIPE ROAD YORK HAVEN PA 17370	455.00	t	3	1
724	PA 83 EAST LANCASTER AVENUE MALVERN PA 19355	430.00	t	3	1
725	PA ALTOONA	530.00	t	5	1
726	PA ALTOONA	530.00	t	4	1
727	PA ALTOONA	530.00	t	1	1
728	PA Bridgeport	355.00	t	5	1
729	PA CHAMBERSBURG	505.00	t	1	1
730	PA CHAMBERSBURG	505.00	t	4	1
731	PA Erie	605.00	t	5	1
732	PA GRANTVILLE PA 17028	480.00	t	3	1
733	PA HARRISBURG	455.00	t	1	1
734	PA HARRISBURG	455.00	t	4	1
735	PA IAA Bridgeport - Philadelphia East 7777 STATE RD PHILADELPHIA,PA,19136	380.00	t	2	1
736	PA Philadelphia	350.00	t	5	1
737	PA PHILADELPHIA	350.00	t	1	1
738	PA PHILADELPHIA	350.00	t	4	1
739	PA Philadelphia East (PA)	350.00	t	5	1
740	PA PHILADELPHIA EAST SUBLOT	350.00	t	1	1
741	PA PHILADELPHIA EAST SUBLOT	350.00	t	4	1
742	PA Pittoburgh	530.00	t	5	1
743	PA PITTSBURGH	530.00	t	5	1
744	PA PITTSBURGH	530.00	t	4	1
745	PA PITTSBURGH	530.00	t	1	1
746	PA PITTSBURGH EAST	530.00	t	1	1
747	PA PITTSBURGH EAST	530.00	t	4	1
748	PA PITTSBURGH NORTH	530.00	t	4	1
749	PA PITTSBURGH NORTH	530.00	t	5	1
750	PA PITTSBURGH NORTH	530.00	t	1	1
751	PA PITTSBURGH SOUTH	530.00	t	4	1
752	PA PITTSBURGH SOUTH	530.00	t	1	1
753	PA PITTSBURGH WEST	530.00	t	4	1
754	PA R&J AUTOMOTIVE COMPANY LLC - Offsite ESSINGTON,PA,19029	390.00	t	2	1
755	PA Scranton	380.00	t	5	1
756	PA SCRANTON	380.00	t	1	1
757	PA SCRANTON	380.00	t	4	1
758	PA WEST MIFFLIN PA 15122	530.00	t	3	1
759	PA YARD 026 2704 GERYVILLE PIKE PENNSBURG PA 18073	350.00	t	3	1
760	PA YORK HAVEN	455.00	t	1	1
761	PA YORK HAVEN	455.00	t	4	1
762	PA York Springs	430.00	t	5	1
763	RI East Providence	455.00	t	5	1
764	RI EXETER	455.00	t	1	1
765	RI EXETER	455.00	t	4	1
766	SC 120 PINE PLAIN RD GASTON SC 29053	580.00	t	3	4
767	SC 1921 NAZARETH CHURCH RD SPARTANBURG SC 29301	580.00	t	3	4
768	SC 422 SCUFFLETOWN RD SIMPSONVILLE,SC,29681	495.00	t	2	4
769	SC 700 SOUTH BOUND ROAD GASTON SC 29053	580.00	t	3	4
770	SC Charleston	230.00	t	5	4
771	SC COLUMBIA	570.00	t	1	4
772	SC COLUMBIA	570.00	t	4	4
773	SC COLUMBIA	280.00	t	5	4
774	SC COPART GREER SUBLOT 2465 HIGHWAY 101 SOUTH GREER SC 29651	510.00	t	3	4
775	SC GASTON SC SUBLOT	570.00	t	4	4
776	SC GASTON SC SUBLOT	570.00	t	1	4
777	SC Greenvile	430.00	t	5	4
778	SC GREER	280.00	t	1	4
779	SC GREER	280.00	t	4	4
780	SC Lexington	510.00	t	5	4
781	SC NORTH CHARLESTON	320.00	t	4	4
782	SC NORTH CHARLESTON	320.00	t	1	4
783	SC Offsite - York NC 29745 YORK,SC,29745	495.00	t	2	4
784	SC SHA LIU 120 PINE PLAIN GASTON SC 29053	580.00	t	3	4
785	SC SPARTANBURG SUBLOT	580.00	t	1	4
786	SC SPARTANBURG SUBLOT	580.00	t	4	4
787	SD ALAN'S AUTO RECYCLING 1800 SEGER DRIVE RAPID CITY SD 57701	1330.00	t	3	1
788	SD ALAN'S AUTO RECYCLING 1800 SEGER DRIVE RAPID CITY SD 57701	1130.00	t	2	1
789	SD RAPID CITY	1330.00	t	1	1
790	SD RAPID CITY	1330.00	t	4	1
791	SD Sioux Falls	970.00	t	5	1
792	TN Chattanooga	480.00	t	5	4
793	TN KNOXVILLE	680.00	t	1	4
794	TN KNOXVILLE	680.00	t	4	4
795	TN KNOXVILLE	480.00	t	5	4
796	TN Madison, TN MADISON,TN,37115	680.00	t	2	4
797	TN Memphis	580.00	t	5	4
798	TN MEMPHIS	720.00	t	1	4
799	TN MEMPHIS	720.00	t	4	4
800	TN NASHVILLE	680.00	t	4	4
801	TN NASHVILLE	525.00	t	5	4
802	TN NASHVILLE	680.00	t	1	4
803	TN Nashville, TN NASHVILLE,TN,37211	680.00	t	2	4
804	TX 11022 MESA DRIVE HOUSTON,TX,77078	380.00	t	2	2
805	TX 1107 BROADWAY PASADENA,TX,77506	310.00	t	2	2
806	TX 12100 WEST LITTLE YORK RD HOUSTON,TX,77041	380.00	t	2	2
807	TX 14603 SPEEDWAY PARK VON ORMY TX 78073	535.00	t	3	2
808	TX 1528 STATE HIGHWAY 71 COLUMBUS,TX,78934	435.00	t	2	2
809	TX 16602 E HARDY RD HOUSTON,TX,77032	380.00	t	2	2
810	TX 1701 E BELT LINE RD WILMER TX 75172	395.00	t	3	2
811	TX 17529 HWY 6 COLLEGE STATION TX 77845	445.00	t	3	2
812	TX 18600 WILBER ROAD HAMSHIRE,TX,77622	355.00	t	2	2
813	TX 23010 FIREFLY RD FLORENCE,TX,76527	430.00	t	2	2
814	TX 2525 FM 565 BAYTOWN TX 77523	380.00	t	3	2
815	TX 351 VALLEY CHILI ROAD ANTHONY TX 79821	580.00	t	3	2
816	TX 3748 MCPHERSON DR JUSTIN,TX,76247	355.00	t	2	2
817	TX 5000 I-10 SEALY,TX,77474	380.00	t	2	2
818	TX 711 RANKIN ROAD HOUSTON,TX,77073	380.00	t	2	2
819	TX 7201 N GENERAL BRUCE DR TEMPLE TEXAS 76501	505.00	t	3	2
820	TX 8119 MILLER ROAD NO. 3 HOUSTON,TX,77049	315.00	t	2	2
821	TX 950 BLUE MOUND RD WEST HASLET TX 76052	560.00	t	3	2
822	TX Abilene	430.00	t	5	2
823	TX ABILENE	430.00	t	5	2
824	TX ABILENE	430.00	t	4	2
825	TX ABILENE	430.00	t	1	2
826	TX AMARILLO	580.00	t	1	2
827	TX AMARILLO	580.00	t	5	2
828	TX AMARILLO	580.00	t	4	2
829	TX ANDREWS	555.00	t	1	2
830	TX ANDREWS	555.00	t	4	2
831	TX ANTHONY TX SUBLOT	555.00	t	1	2
832	TX ANTHONY TX SUBLOT	555.00	t	4	2
833	TX Austin	340.00	t	5	2
834	TX AUSTIN	330.00	t	1	2
835	TX AUSTIN	330.00	t	4	2
836	TX AUSTIN - IAA 2191 HIGHWAY 21 WEST DALE,TX,78616	555.00	t	2	2
837	TX Beaumont Hwy_CAT Yard 17011 BEAUMONT HWY HOUSTON,TX,77049	330.00	t	2	2
838	TX CAT Houston Oates Rd. 1 4605 OATES ROAD HOUSTON,TX,77013	380.00	t	2	2
839	TX CAT YARD 3 7575 FM 2004 HITCHCOCK,TX,77563	350.00	t	2	2
840	TX CAT YARD 5 12100 WEST LITTLE YORK RD HOUSTON,TX,77041	380.00	t	2	2
841	TX CAT YARD D 18100 US-59 BUSINESS NEW CANEY,TX,77357	350.00	t	2	2
842	TX CHANNELVIEW 400 S SHELDON ROAD CHANNELVIEW TX 77530	330.00	t	3	2
843	TX CORPUS CHRISTI	340.00	t	1	2
844	TX CORPUS CHRISTI	340.00	t	5	2
845	TX CORPUS CHRISTI	340.00	t	4	2
846	TX CRASHEDTOYS DALLAS	270.00	t	4	2
847	TX CRASHEDTOYS DALLAS	270.00	t	1	2
848	TX Dallas	330.00	t	5	2
849	TX DALLAS	330.00	t	1	2
851	TX Dallas/Ft. Worth	300.00	t	5	2
852	TX DALLAS SOUTH	330.00	t	1	2
853	TX DALLAS SOUTH	330.00	t	4	2
854	TX DALTON OFFSITE 1000 DALTON LN AUSTIN TX 78742	510.00	t	3	2
855	TX EL PASO	555.00	t	1	2
856	TX EL PASO	580.00	t	5	2
857	TX EL PASO	555.00	t	4	2
858	TX Fort Worth North	355.00	t	5	2
859	TX FT.WORTH	330.00	t	4	2
860	TX FT.WORTH	330.00	t	1	2
861	TX GRAND PRAIRIE,TX,75050	550.00	t	2	2
862	TX HARBORSIDE SUBLOT 5800 HARBORSIDE DR GALVESTON TX 77554	350.00	t	3	2
863	TX HASLET TX SUBLOT	630.00	t	1	2
864	TX HASLET TX SUBLOT	630.00	t	4	2
865	TX HOUSTON	230.00	t	1	2
866	TX HOUSTON	280.00	t	5	2
867	TX HOUSTON	230.00	t	4	2
868	TX HOUSTON EAST	300.00	t	1	2
869	TX HOUSTON EAST	300.00	t	4	2
870	TX Houston North	280.00	t	5	2
871	TX Houston South (TH)	280.00	t	5	2
872	TX LONGVIEW	330.00	t	1	2
873	TX LONGVIEW	330.00	t	5	2
874	TX LONGVIEW	330.00	t	4	2
875	TX Lubbock	480.00	t	5	2
876	TX LUFKIN	280.00	t	1	2
877	TX LUFKIN	280.00	t	4	2
878	TX MCALLEN	330.00	t	1	2
879	TX MCALLEN	350.00	t	5	2
880	TX MCALLEN	330.00	t	4	2
881	TX Offsite Offsite - Dallas TX 75229 DALLAS,TX,75229	555.00	t	2	2
882	TX ORMY TX SUBLOT	585.00	t	1	2
883	TX ORMY TX SUBLOT	585.00	t	4	2
884	TX Permian Basin	400.00	t	5	2
885	TX San Antonio	280.00	t	5	2
886	TX SAN ANTONIO	380.00	t	4	2
887	TX SAN ANTONIO	380.00	t	1	2
888	TX San Antonio-South	380.00	t	5	2
889	TX SAN ANTONIO-SOUTH 11275 SOUTH ZARZAMORA SAN ANTONIO,TX,78224	540.00	t	2	2
890	TX SAN BENITO,TX,78586	580.00	t	2	2
891	TX TAYLOR TX 76574	430.00	t	3	2
892	TX WACO	330.00	t	1	2
893	TX WACO	330.00	t	4	2
894	TX WILMER TX SUBLOT	330.00	t	4	2
895	TX WILMER TX SUBLOT	330.00	t	1	2
896	US HIGHWAY 431 N HEADLAND, AL, 36345	580.00	t	2	4
897	UT 170 W.CENTER STREET NORTH SALT LAKE UT 84054	680.00	t	3	3
898	UT 3586 NORTH 2000 WEST FARR WEST UT 84404	685.00	t	3	3
899	UT MAGNA SUBLOT 7370 W 2100 S MAGNA UT 84044	680.00	t	3	3
900	UT OGDEN SUBLOT	630.00	t	4	3
901	UT OGDEN SUBLOT	630.00	t	1	3
902	UT Salt Lake City	680.00	t	5	3
903	UT SALT LAKE CITY	680.00	t	4	3
904	UT SALT LAKE CITY	680.00	t	1	3
905	UT YD 388 TOOELE SUBLOT 301 INDUSTRIAL LOOP ROAD TOOELE UT 84074	730.00	t	3	3
906	VA BRISTOL,VA,24202	930.00	t	2	1
907	VA COPART YARD 194 4717 MASSAPONAX CHURCH ROAD FREDERICKSBURG VA 22408	505.00	t	3	1
908	VA Culpeper	530.00	t	5	1
909	VA DANVILLE	580.00	t	1	1
910	VA DANVILLE	580.00	t	4	1
911	VA Doswell - 711 DOSWELL, VA, 23047	515.00	t	2	1
912	VA FREDERICKSBURG	530.00	t	4	1
913	VA FREDERICKSBURG	530.00	t	1	1
914	VA Fredericksburg-South	430.00	t	5	1
915	VA HAMPTON	530.00	t	1	1
916	VA HAMPTON	530.00	t	4	1
917	VA IAA CULPEPER 15201 REVIEW RD CULPEPER,VA,22701	530.00	t	2	1
918	VA IAA Pulaski 7054 SALLING BRANCH ROAD FAIRLAWN,VA,24141	570.00	t	2	1
919	VA MANASSAS,VA,20111	580.00	t	2	1
920	VA Montvale Yard #724 1576 QUARTERWOOD RD MONTVALE,VA,24122	580.00	t	2	1
921	VA Northern Virginia	430.00	t	5	1
922	VA OFFSITE - Chesapeake VA 23321 CHESAPEAKE,VA,23321	535.00	t	2	1
923	VA Premium Auto Brokers VIRGINIA BEACH,VA,23464	530.00	t	2	1
924	VA Pulaski	580.00	t	5	1
925	VA RICHMOND	480.00	t	1	1
926	VA RICHMOND	480.00	t	4	1
927	VA RICHMOND	480.00	t	5	1
928	VA RICHMOND EAST	530.00	t	4	1
929	VA RICHMOND EAST	530.00	t	1	1
930	VA Roanoke	530.00	t	5	1
931	VA Suffolk	555.00	t	5	1
932	VA Tidewater	470.00	t	5	1
933	VT 2743 VT-22A FAIR HAVEN VT 05743	630.00	t	3	1
934	VT 304 COLCHESTER ROAD ESSEX JUNCTION,VT,05452	630.00	t	2	1
935	VT 32 STAGE COACH ROAD ORLEANS VT 05860	630.00	t	3	1
936	VT Burlington	630.00	t	5	1
937	VT ORLEANS VT SUBLOT	680.00	t	4	1
938	VT ORLEANS VT SUBLOT	680.00	t	1	1
939	VT RUTLAND	630.00	t	1	1
940	VT RUTLAND	630.00	t	4	1
941	WA 18515 PACIFIC AVE S SPANAWAY WA 98387	1580.00	t	3	3
942	WA GRAHAM	1180.00	t	1	3
943	WA GRAHAM	1180.00	t	4	3
944	WA IAA Puyallup 15801 110TH AVE E PUYALLUP,WA,98374	1180.00	t	2	3
945	WA IAA TUKWILA OFFSITE 8801 E MARGINAL WAY S TUKWILA,WA,98108	1130.00	t	2	3
946	WA NORTH SEATTLE	1180.00	t	1	3
947	WA NORTH SEATTLE	1180.00	t	4	3
948	WA PASCO	1180.00	t	4	3
949	WA PASCO	1180.00	t	1	3
950	WA Seattle	1180.00	t	5	3
951	WA Seattle South	1280.00	t	5	3
952	WA Seattle (WA)	1180.00	t	5	3
953	WA Spokane	1430.00	t	5	3
954	WA SPOKANE	1430.00	t	1	3
955	WA SPOKANE	1430.00	t	4	3
956	WA Vancouver IAA offsite 15615 NE FOURTH PLAIN BLVD VANCOUVER, WA, 98682	1130.00	t	2	3
957	WI 1242 W LINCOLN AVE WAUKESHA WI 53186	680.00	t	3	1
958	WI 4825 SOUTH WHITNALL AVENUE CUDAHY WI 53110	830.00	t	3	1
959	WI 7213 HWY 41 CALEDONIA WI 53108	670.00	t	3	1
960	WI 7213 US HIGHWAY 41 CALEDONIA,WI,53108	830.00	t	2	1
961	WI Appleton	830.00	t	5	1
962	WI APPLETON	830.00	t	1	1
963	WI APPLETON	830.00	t	4	1
964	WI MADISON	830.00	t	1	1
965	WI MADISON	830.00	t	4	1
966	WI MADISON SOUTH	830.00	t	1	1
967	WI MADISON SOUTH	830.00	t	4	1
968	WI Milwaukee	830.00	t	5	1
969	WI MILWAUKEE	830.00	t	1	1
970	WI MILWAUKEE	830.00	t	4	1
971	WI MILWAUKEE NORTH	830.00	t	1	1
972	WI MILWAUKEE NORTH	830.00	t	4	1
973	WI MILWAUKEE SOUTH	830.00	t	4	1
974	WI MILWAUKEE SOUTH	830.00	t	1	1
975	WI Portage	830.00	t	5	1
976	WI W10890 SCHOOL RD FREMONT,WI,54940	730.00	t	2	1
977	WI WAUKESHA WI SUBLOT	830.00	t	4	1
978	WI WAUKESHA WI SUBLOT	830.00	t	1	1
979	WI YARD 339 SUBLOT 9201 N 107TH ST MILWAUKEE WI 53224	680.00	t	3	1
980	WI YORKVILLE SUBLOT 2118 N SYLVANIA AVE STURTEVANT WI 53177	670.00	t	3	1
981	WV Buckhannon	650.00	t	5	1
982	WV Casper	1550.00	t	5	1
983	WV CHARLESTON	630.00	t	1	1
984	WV CHARLESTON	630.00	t	4	1
985	WV Shady Spring	655.00	t	5	1
986	WY Casper	1550.00	t	5	1
987	WY CASPER	1380.00	t	1	1
988	WY CASPER	1380.00	t	4	1
989	СO DENVER	680.00	t	5	2
\.


--
-- Data for Name: calculator_port; Type: TABLE DATA; Schema: public; Owner: postgres
--

COPY public.calculator_port (id, name) FROM stdin;
1	Нью Джерси
2	Техас
3	Калифорния
4	Джорджия
5	Флорида
\.


--
-- Data for Name: car_site_advuser; Type: TABLE DATA; Schema: public; Owner: postgres
--

COPY public.car_site_advuser (id, password, last_login, is_superuser, username, first_name, last_name, email, is_staff, is_active, date_joined, is_manager, phone_number, balance) FROM stdin;
1	pbkdf2_sha256$720000$DmKBhIqdOEKSStzhTNFbuN$6ExYWZi/QM3VwTcO8ExEDNk0m7dxKX5fk6gL4Zw0xgM=	\N	t	Андрей			Zaraza389@mail.ru	t	t	2025-03-23 10:04:18.047527+03	f		0
2	pbkdf2_sha256$720000$UeV7ANkhIEFWf0vky5AxdS$LSFhgw/nsX/iamAnftaU0cCzlEzohRSxohkJ52+6K+w=	2025-03-23 21:03:33.353737+03	t	Админ			admin@mail.ri	t	t	2025-03-23 21:03:22.40168+03	f		0
3	pbkdf2_sha256$720000$cEpaqHEdsagnJdUp0RItmA$9ohIEyA7uBxhxPoNBjHnR1juC1AHBS4Cu7LQBE51Lik=	\N	t	ФвAdmin			Admin@mail.ru	t	t	2025-03-23 22:01:59.625016+03	f		0
4	pbkdf2_sha256$720000$QcxhmcfjMjAsyycIevI5tp$0yVjMhBwNzBmtI3p8oFJ4wy6NsWQu4vHi0pCyqwyuuQ=	2025-04-06 12:01:50.104259+03	t	admin			admin@mail.ru	t	t	2025-03-23 22:02:54.761679+03	f		0
\.


--
-- Data for Name: car_site_advuser_groups; Type: TABLE DATA; Schema: public; Owner: postgres
--

COPY public.car_site_advuser_groups (id, advuser_id, group_id) FROM stdin;
\.


--
-- Data for Name: car_site_advuser_user_permissions; Type: TABLE DATA; Schema: public; Owner: postgres
--

COPY public.car_site_advuser_user_permissions (id, advuser_id, permission_id) FROM stdin;
\.


--
-- Data for Name: car_site_auctiondata; Type: TABLE DATA; Schema: public; Owner: postgres
--

COPY public.car_site_auctiondata (id, auction_id, card_id, platform_id, container_number, lot_number, pay_date, user_name, container_link) FROM stdin;
\.


--
-- Data for Name: car_site_europayment; Type: TABLE DATA; Schema: public; Owner: postgres
--

COPY public.car_site_europayment (id, price, auction_price, payment_flag, inspection, expenses, moscow_delivery_price, tax_price, tax_flag, tax, tax_payment_flag, tax_service, tax_util, our_service, sbkts_epts, epsms, excise, card_id, tax_payment, price_brutto, price_netto) FROM stdin;
\.


--
-- Data for Name: car_site_europebelarusphoto; Type: TABLE DATA; Schema: public; Owner: postgres
--

COPY public.car_site_europebelarusphoto (id, photo, card_id) FROM stdin;
\.


--
-- Data for Name: car_site_europecard; Type: TABLE DATA; Schema: public; Owner: postgres
--

COPY public.car_site_europecard (id, model, vin_number, date_created, user_id, age, capacity, cnt_auto, engine_type, massa, motor_power, power, quadrupole, vehicle_type) FROM stdin;
\.


--
-- Data for Name: car_site_europecustomdocument; Type: TABLE DATA; Schema: public; Owner: postgres
--

COPY public.car_site_europecustomdocument (id, file, date_created, card_id) FROM stdin;
\.


--
-- Data for Name: car_site_europeextralink; Type: TABLE DATA; Schema: public; Owner: postgres
--

COPY public.car_site_europeextralink (id, url, name, date_created, card_id) FROM stdin;
\.


--
-- Data for Name: car_site_europepaymentfile; Type: TABLE DATA; Schema: public; Owner: postgres
--

COPY public.car_site_europepaymentfile (id, file, date_created, card_id) FROM stdin;
\.


--
-- Data for Name: car_site_europephoto; Type: TABLE DATA; Schema: public; Owner: postgres
--

COPY public.car_site_europephoto (id, photo, card_id) FROM stdin;
\.


--
-- Data for Name: car_site_europetracking; Type: TABLE DATA; Schema: public; Owner: postgres
--

COPY public.car_site_europetracking (id, payment_date, money_date, belarus_date, moscow_date, card_id) FROM stdin;
\.


--
-- Data for Name: car_site_europlatform; Type: TABLE DATA; Schema: public; Owner: postgres
--

COPY public.car_site_europlatform (id, country, purchase_date, card_id) FROM stdin;
\.


--
-- Data for Name: car_site_koreacard; Type: TABLE DATA; Schema: public; Owner: postgres
--

COPY public.car_site_koreacard (id, model, vin_number, payment_date, date_created, user_id, age, capacity, cnt_auto, engine_type, final_date, massa, motor_power, pay_date, power, quadrupole, vehicle_type, vladivostok_date) FROM stdin;
\.


--
-- Data for Name: car_site_koreacustomdocument; Type: TABLE DATA; Schema: public; Owner: postgres
--

COPY public.car_site_koreacustomdocument (id, file, date_created, card_id) FROM stdin;
\.


--
-- Data for Name: car_site_koreaextralink; Type: TABLE DATA; Schema: public; Owner: postgres
--

COPY public.car_site_koreaextralink (id, url, name, date_created, card_id) FROM stdin;
\.


--
-- Data for Name: car_site_koreapayment; Type: TABLE DATA; Schema: public; Owner: postgres
--

COPY public.car_site_koreapayment (id, car_price, export, total_price, payment_flag, delivery_price, tax_price, tax_flag, tax, tax_payment, tax_payment_flag, tax_service, tax_util, our_service, sbkts_epts, epsms, excise, card_id) FROM stdin;
\.


--
-- Data for Name: car_site_koreapaymentfile; Type: TABLE DATA; Schema: public; Owner: postgres
--

COPY public.car_site_koreapaymentfile (id, file, date_created, card_id) FROM stdin;
\.


--
-- Data for Name: car_site_koreaphoto; Type: TABLE DATA; Schema: public; Owner: postgres
--

COPY public.car_site_koreaphoto (id, photo, card_id) FROM stdin;
\.


--
-- Data for Name: car_site_koreatkphoto; Type: TABLE DATA; Schema: public; Owner: postgres
--

COPY public.car_site_koreatkphoto (id, photo, card_id) FROM stdin;
\.


--
-- Data for Name: car_site_usaallowedcombination; Type: TABLE DATA; Schema: public; Owner: postgres
--

COPY public.car_site_usaallowedcombination (id, auction_id, platform_id) FROM stdin;
\.


--
-- Data for Name: car_site_usaauction; Type: TABLE DATA; Schema: public; Owner: postgres
--

COPY public.car_site_usaauction (id, name) FROM stdin;
\.


--
-- Data for Name: car_site_usabelarusphoto; Type: TABLE DATA; Schema: public; Owner: postgres
--

COPY public.car_site_usabelarusphoto (id, photo, card_id) FROM stdin;
\.


--
-- Data for Name: car_site_usacard; Type: TABLE DATA; Schema: public; Owner: postgres
--

COPY public.car_site_usacard (id, model, vin_number, date_created, user_id, age, capacity, cnt_auto, engine_type, massa, motor_power, pending, power, quadrupole, total, vehicle_type, title) FROM stdin;
\.


--
-- Data for Name: car_site_usacustomdocument; Type: TABLE DATA; Schema: public; Owner: postgres
--

COPY public.car_site_usacustomdocument (id, file, date_created, card_id) FROM stdin;
\.


--
-- Data for Name: car_site_usaextralink; Type: TABLE DATA; Schema: public; Owner: postgres
--

COPY public.car_site_usaextralink (id, url, date_created, card_id, name) FROM stdin;
\.


--
-- Data for Name: car_site_usamoscowphoto; Type: TABLE DATA; Schema: public; Owner: postgres
--

COPY public.car_site_usamoscowphoto (id, photo, card_id) FROM stdin;
\.


--
-- Data for Name: car_site_usaopenphoto; Type: TABLE DATA; Schema: public; Owner: postgres
--

COPY public.car_site_usaopenphoto (id, photo, card_id) FROM stdin;
\.


--
-- Data for Name: car_site_usapayment; Type: TABLE DATA; Schema: public; Owner: postgres
--

COPY public.car_site_usapayment (id, price, auction_price, car_auct_price, payment_flag, port, port_price, moscow_price, expenses_litva, delivery_price, delivery_payment_flag, extra_price, comment, tax_price, tax_payment_flag, tax, tax_util, tax_rate, tax_service, sbkts_epts, epsms_moto, excise, penalty, commission, card_id, tax_sum) FROM stdin;
\.


--
-- Data for Name: car_site_usapaymentfile; Type: TABLE DATA; Schema: public; Owner: postgres
--

COPY public.car_site_usapaymentfile (id, file, card_id, date_created) FROM stdin;
\.


--
-- Data for Name: car_site_usaphoto; Type: TABLE DATA; Schema: public; Owner: postgres
--

COPY public.car_site_usaphoto (id, photo, card_id) FROM stdin;
\.


--
-- Data for Name: car_site_usaplatform; Type: TABLE DATA; Schema: public; Owner: postgres
--

COPY public.car_site_usaplatform (id, name, auction_id) FROM stdin;
\.


--
-- Data for Name: car_site_usatakenphoto; Type: TABLE DATA; Schema: public; Owner: postgres
--

COPY public.car_site_usatakenphoto (id, photo, card_id) FROM stdin;
\.


--
-- Data for Name: car_site_usatracking; Type: TABLE DATA; Schema: public; Owner: postgres
--

COPY public.car_site_usatracking (id, delivery_storage_date, container_load_date, arrival_date_litva, open_container_date, belarus_date, moscow_date, card_id) FROM stdin;
\.


--
-- Data for Name: car_site_userbalance; Type: TABLE DATA; Schema: public; Owner: postgres
--

COPY public.car_site_userbalance (id, amount, date_created, user_id, description) FROM stdin;
\.


--
-- Data for Name: django_admin_log; Type: TABLE DATA; Schema: public; Owner: postgres
--

COPY public.django_admin_log (id, action_time, object_id, object_repr, action_flag, change_message, content_type_id, user_id) FROM stdin;
1	2025-03-23 21:03:57.106116+03	1	USD: 87.19157 (garantex), EUR: 91.4261999999999943611328490078449249267578125 (cbr)	1	[{"added": {}}]	42	2
2	2025-03-23 22:03:58.450229+03	1	Manheim - Manheim	1	[{"added": {}}]	39	4
3	2025-03-23 22:04:08.509067+03	2	Sublot IAA - Sublot IAA	1	[{"added": {}}]	39	4
4	2025-03-23 22:04:17.590935+03	3	Sublot Copart - Sublot Copart	1	[{"added": {}}]	39	4
5	2025-03-23 22:04:28.713853+03	4	Copart - Copart	1	[{"added": {}}]	39	4
6	2025-03-23 22:04:39.470944+03	5	IAA - IAA	1	[{"added": {}}]	39	4
7	2025-03-23 22:05:14.267574+03	1	Нью Джерси	1	[{"added": {}}]	40	4
8	2025-03-23 22:05:20.349992+03	2	Техас	1	[{"added": {}}]	40	4
9	2025-03-23 22:05:28.937933+03	3	Калифорния	1	[{"added": {}}]	40	4
10	2025-03-23 22:05:35.544661+03	4	Джорджия	1	[{"added": {}}]	40	4
11	2025-03-23 22:05:42.095999+03	5	Флорида	1	[{"added": {}}]	40	4
12	2025-03-23 22:12:15.184096+03	1	Brooklyn (Manheim)	3		41	4
13	2025-03-23 22:12:15.186392+03	4	Downtown (Manheim)	3		41	4
14	2025-03-23 22:12:15.187487+03	5	Glendale (Manheim)	3		41	4
15	2025-03-23 22:12:15.188362+03	3	Queens (Manheim)	3		41	4
16	2025-03-23 22:12:15.189238+03	2	Santa Monica (Manheim)	3		41	4
\.


--
-- Data for Name: django_content_type; Type: TABLE DATA; Schema: public; Owner: postgres
--

COPY public.django_content_type (id, app_label, model) FROM stdin;
1	admin	logentry
2	auth	permission
3	auth	group
4	contenttypes	contenttype
5	sessions	session
6	car_site	advuser
7	car_site	europecard
8	car_site	koreacard
9	car_site	usacard
10	car_site	usaphoto
11	car_site	usapaymentfile
12	car_site	europepaymentfile
13	car_site	europephoto
14	car_site	koreapaymentfile
15	car_site	koreaphoto
16	car_site	userbalance
17	car_site	usacustomdocument
18	car_site	usaextralink
19	car_site	auctiondata
20	car_site	usaallowedcombination
21	car_site	usaauction
22	car_site	usaplatform
23	car_site	usapayment
24	car_site	usatracking
25	car_site	europayment
26	car_site	europebelarusphoto
27	car_site	europeextralink
28	car_site	europetracking
29	car_site	europlatform
30	car_site	europecustomdocument
31	car_site	koreacustomdocument
32	car_site	koreaextralink
33	car_site	koreapayment
34	car_site	koreatkphoto
35	car_site	usabelarusphoto
36	car_site	usamoscowphoto
37	car_site	usaopenphoto
38	car_site	usatakenphoto
39	calculator	auction
40	calculator	port
41	calculator	location
42	exchange_rates	exchangerate
\.


--
-- Data for Name: django_migrations; Type: TABLE DATA; Schema: public; Owner: postgres
--

COPY public.django_migrations (id, app, name, applied) FROM stdin;
1	contenttypes	0001_initial	2025-03-23 10:01:40.136609+03
2	contenttypes	0002_remove_content_type_name	2025-03-23 10:01:40.142121+03
3	auth	0001_initial	2025-03-23 10:01:40.166151+03
4	auth	0002_alter_permission_name_max_length	2025-03-23 10:01:40.171888+03
5	auth	0003_alter_user_email_max_length	2025-03-23 10:01:40.176691+03
6	auth	0004_alter_user_username_opts	2025-03-23 10:01:40.181075+03
7	auth	0005_alter_user_last_login_null	2025-03-23 10:01:40.185324+03
8	auth	0006_require_contenttypes_0002	2025-03-23 10:01:40.186485+03
9	auth	0007_alter_validators_add_error_messages	2025-03-23 10:01:40.190727+03
10	auth	0008_alter_user_username_max_length	2025-03-23 10:01:40.195034+03
11	auth	0009_alter_user_last_name_max_length	2025-03-23 10:01:40.200551+03
12	auth	0010_alter_group_name_max_length	2025-03-23 10:01:40.205832+03
13	auth	0011_update_proxy_permissions	2025-03-23 10:01:40.209909+03
14	auth	0012_alter_user_first_name_max_length	2025-03-23 10:01:40.214024+03
15	car_site	0001_initial	2025-03-23 10:01:40.243051+03
16	admin	0001_initial	2025-03-23 10:01:40.258596+03
17	admin	0002_logentry_remove_auto_add	2025-03-23 10:01:40.267484+03
18	admin	0003_logentry_add_action_flag_choices	2025-03-23 10:01:40.27639+03
19	calculator	0001_initial	2025-03-23 10:01:40.299005+03
20	calculator	0002_alter_location_options	2025-03-23 10:01:40.302913+03
21	car_site	0002_europecard_koreacard_usacard_delete_card	2025-03-23 10:01:40.3787+03
22	car_site	0003_advuser_phone_number	2025-03-23 10:01:40.389428+03
23	car_site	0004_usaphoto	2025-03-23 10:01:40.404275+03
24	car_site	0005_alter_usaphoto_options_usapaymentfile	2025-03-23 10:01:40.421373+03
25	car_site	0006_alter_usapaymentfile_options_and_more	2025-03-23 10:01:40.432635+03
26	car_site	0007_europepaymentfile_europephoto_koreapaymentfile_and_more	2025-03-23 10:01:40.488031+03
27	car_site	0008_userbalance	2025-03-23 10:01:40.504651+03
28	car_site	0009_userbalance_description	2025-03-23 10:01:40.517694+03
29	car_site	0010_advuser_balance	2025-03-23 10:01:40.528238+03
30	car_site	0011_usaphoto_comment	2025-03-23 10:01:40.534892+03
31	car_site	0012_alter_userbalance_date_created_usacustomdocument_and_more	2025-03-23 10:01:40.576861+03
32	car_site	0013_usaextralink_name	2025-03-23 10:01:40.584623+03
33	car_site	0014_auction_alter_usacard_auction_platform_and_more	2025-03-23 10:01:40.664445+03
34	car_site	0015_auctiondata	2025-03-23 10:01:40.688679+03
35	car_site	0016_rename_allowedcombination_usaallowedcombination_and_more	2025-03-23 10:01:41.282575+03
36	car_site	0017_alter_auctiondata_card_alter_usacard_price_and_more	2025-03-23 10:01:41.391477+03
37	car_site	0018_alter_auctiondata_card_alter_usapayment_card_and_more	2025-03-23 10:01:41.468454+03
38	car_site	0019_usapayment_tax_sum_alter_auctiondata_auction_and_more	2025-03-23 10:01:41.747623+03
39	car_site	0020_alter_auctiondata_options_alter_usapayment_options_and_more	2025-03-23 10:01:41.794409+03
40	car_site	0021_alter_europephoto_options_and_more	2025-03-23 10:01:42.132132+03
41	car_site	0022_alter_europeextralink_card	2025-03-23 10:01:42.15972+03
42	car_site	0023_alter_europayment_card_alter_europetracking_card_and_more	2025-03-23 10:01:42.255216+03
43	car_site	0024_remove_europayment_tax_rate_and_more	2025-03-23 10:01:42.403243+03
44	car_site	0025_europayment_tax_payment_and_more	2025-03-23 10:01:42.426435+03
45	car_site	0026_alter_europayment_tax_payment	2025-03-23 10:01:42.438952+03
46	car_site	0027_alter_koreaphoto_options_and_more	2025-03-23 10:01:42.759678+03
47	car_site	0028_alter_koreapayment_card	2025-03-23 10:01:42.788522+03
48	car_site	0029_remove_koreacard_money_date	2025-03-23 10:01:42.808312+03
49	car_site	0030_alter_koreapaymentfile_card_alter_koreaphoto_card_and_more	2025-03-23 10:01:42.888172+03
50	car_site	0031_alter_usaphoto_options_remove_auctiondata_lot_link_and_more	2025-03-23 10:01:43.557235+03
51	exchange_rates	0001_initial	2025-03-23 10:01:43.561767+03
52	exchange_rates	0002_alter_exchangerate_usd_source	2025-03-23 10:01:43.565532+03
53	sessions	0001_initial	2025-03-23 10:01:43.571572+03
\.


--
-- Data for Name: django_session; Type: TABLE DATA; Schema: public; Owner: postgres
--

COPY public.django_session (session_key, session_data, expire_date) FROM stdin;
kgupw4zgwyn1s6bcgxi6759fvpjz4ekp	.eJxVjEEOwiAQRe_C2hAYilKX7j0DmRkGqRpISrsy3l2bdKHb_977LxVxXUpcu8xxSuqsQB1-N0J-SN1AumO9Nc2tLvNEelP0Tru-tiTPy-7-HRTs5Vsbg8mzBDJIR0sDcWIPoz-5HCyDiCHHMDjAkCEBZrSezMgo1pAAq_cHBPI47A:1twPfZ:1eGC_YrB7PCnKgSxbYx6EEr9u5pZTj4RNbTL_tTWTtQ	2025-04-06 21:03:33.358121+03
k4n72el224n7e4qhp69n0zy82te4112t	.eJxVjEEOwiAQRe_C2hDLVGBcuvcMZGCmUjWQlHZlvLuSdKHb_977LxVoW3PYmixhZnVWozr8bpHSQ0oHfKdyqzrVsi5z1F3RO236Wlmel939O8jU8rcGmhBOOCJ4OxqYHEAcOLEzKIwsLIIeXXIxdT4ke7QWyHpvxHpH6v0B1cc3cw:1twQbA:qZ7dgaNInP-5Nl0aAJRTJPAxKYq-c8iRMGcPVM6rhVw	2025-04-06 22:03:04.838696+03
csu1uhl8rgrp0hrk5520vnhjvavzxoo4	.eJxVjEEOwiAQRe_C2hDLVGBcuvcMZGCmUjWQlHZlvLuSdKHb_977LxVoW3PYmixhZnVWozr8bpHSQ0oHfKdyqzrVsi5z1F3RO236Wlmel939O8jU8rcGmhBOOCJ4OxqYHEAcOLEzKIwsLIIeXXIxdT4ke7QWyHpvxHpH6v0B1cc3cw:1tzJaP:tXR6hjOoxVBq6Y1-dYezDUrk6_aZwZj9UYtUNJByB-k	2025-04-14 21:10:13.708648+03
behmm747ckmunwaizy942yi7syfx7s9g	.eJxVjEEOwiAQRe_C2hDLVGBcuvcMZGCmUjWQlHZlvLuSdKHb_977LxVoW3PYmixhZnVWozr8bpHSQ0oHfKdyqzrVsi5z1F3RO236Wlmel939O8jU8rcGmhBOOCJ4OxqYHEAcOLEzKIwsLIIeXXIxdT4ke7QWyHpvxHpH6v0B1cc3cw:1tzJb7:FEXNCz5X3YoRe3j7FwMS98u3ES3jFRgKn0VHz0f9bEA	2025-04-14 21:10:57.837114+03
uxqqlr81nevkm8iv39aie0qycdif332x	.eJxVjEEOwiAQRe_C2hDLVGBcuvcMZGCmUjWQlHZlvLuSdKHb_977LxVoW3PYmixhZnVWozr8bpHSQ0oHfKdyqzrVsi5z1F3RO236Wlmel939O8jU8rcGmhBOOCJ4OxqYHEAcOLEzKIwsLIIeXXIxdT4ke7QWyHpvxHpH6v0B1cc3cw:1u1Lt0:TvlytyCD3Vi0F7uh6V8W8K5JMib5hvTWIiIMBYvBdWI	2025-04-20 12:01:50.106946+03
\.


--
-- Data for Name: exchange_rates_exchangerate; Type: TABLE DATA; Schema: public; Owner: postgres
--

COPY public.exchange_rates_exchangerate (id, "USD_rate", "USD_source", "EUR_rate", "EUR_source", last_updated) FROM stdin;
1	87.43	garantex	94.77	cbr	2025-04-07 21:06:43.56787+03
\.


--
-- Name: auth_group_id_seq; Type: SEQUENCE SET; Schema: public; Owner: postgres
--

SELECT pg_catalog.setval('public.auth_group_id_seq', 1, false);


--
-- Name: auth_group_permissions_id_seq; Type: SEQUENCE SET; Schema: public; Owner: postgres
--

SELECT pg_catalog.setval('public.auth_group_permissions_id_seq', 1, false);


--
-- Name: auth_permission_id_seq; Type: SEQUENCE SET; Schema: public; Owner: postgres
--

SELECT pg_catalog.setval('public.auth_permission_id_seq', 168, true);


--
-- Name: calculator_auction_id_seq; Type: SEQUENCE SET; Schema: public; Owner: postgres
--

SELECT pg_catalog.setval('public.calculator_auction_id_seq', 5, true);


--
-- Name: calculator_location_id_seq; Type: SEQUENCE SET; Schema: public; Owner: postgres
--

SELECT pg_catalog.setval('public.calculator_location_id_seq', 989, true);


--
-- Name: calculator_port_id_seq; Type: SEQUENCE SET; Schema: public; Owner: postgres
--

SELECT pg_catalog.setval('public.calculator_port_id_seq', 5, true);


--
-- Name: car_site_advuser_groups_id_seq; Type: SEQUENCE SET; Schema: public; Owner: postgres
--

SELECT pg_catalog.setval('public.car_site_advuser_groups_id_seq', 1, false);


--
-- Name: car_site_advuser_id_seq; Type: SEQUENCE SET; Schema: public; Owner: postgres
--

SELECT pg_catalog.setval('public.car_site_advuser_id_seq', 4, true);


--
-- Name: car_site_advuser_user_permissions_id_seq; Type: SEQUENCE SET; Schema: public; Owner: postgres
--

SELECT pg_catalog.setval('public.car_site_advuser_user_permissions_id_seq', 1, false);


--
-- Name: car_site_allowedcombination_id_seq; Type: SEQUENCE SET; Schema: public; Owner: postgres
--

SELECT pg_catalog.setval('public.car_site_allowedcombination_id_seq', 1, false);


--
-- Name: car_site_auction_id_seq; Type: SEQUENCE SET; Schema: public; Owner: postgres
--

SELECT pg_catalog.setval('public.car_site_auction_id_seq', 1, false);


--
-- Name: car_site_auctiondata_id_seq; Type: SEQUENCE SET; Schema: public; Owner: postgres
--

SELECT pg_catalog.setval('public.car_site_auctiondata_id_seq', 1, false);


--
-- Name: car_site_europayment_id_seq; Type: SEQUENCE SET; Schema: public; Owner: postgres
--

SELECT pg_catalog.setval('public.car_site_europayment_id_seq', 1, false);


--
-- Name: car_site_europebelarusphoto_id_seq; Type: SEQUENCE SET; Schema: public; Owner: postgres
--

SELECT pg_catalog.setval('public.car_site_europebelarusphoto_id_seq', 1, false);


--
-- Name: car_site_europecard_id_seq; Type: SEQUENCE SET; Schema: public; Owner: postgres
--

SELECT pg_catalog.setval('public.car_site_europecard_id_seq', 1, false);


--
-- Name: car_site_europecustomdocument_id_seq; Type: SEQUENCE SET; Schema: public; Owner: postgres
--

SELECT pg_catalog.setval('public.car_site_europecustomdocument_id_seq', 1, false);


--
-- Name: car_site_europeextralink_id_seq; Type: SEQUENCE SET; Schema: public; Owner: postgres
--

SELECT pg_catalog.setval('public.car_site_europeextralink_id_seq', 1, false);


--
-- Name: car_site_europepaymentfile_id_seq; Type: SEQUENCE SET; Schema: public; Owner: postgres
--

SELECT pg_catalog.setval('public.car_site_europepaymentfile_id_seq', 1, false);


--
-- Name: car_site_europephoto_id_seq; Type: SEQUENCE SET; Schema: public; Owner: postgres
--

SELECT pg_catalog.setval('public.car_site_europephoto_id_seq', 1, false);


--
-- Name: car_site_europetracking_id_seq; Type: SEQUENCE SET; Schema: public; Owner: postgres
--

SELECT pg_catalog.setval('public.car_site_europetracking_id_seq', 1, false);


--
-- Name: car_site_europlatform_id_seq; Type: SEQUENCE SET; Schema: public; Owner: postgres
--

SELECT pg_catalog.setval('public.car_site_europlatform_id_seq', 1, false);


--
-- Name: car_site_koreacard_id_seq; Type: SEQUENCE SET; Schema: public; Owner: postgres
--

SELECT pg_catalog.setval('public.car_site_koreacard_id_seq', 1, false);


--
-- Name: car_site_koreacustomdocument_id_seq; Type: SEQUENCE SET; Schema: public; Owner: postgres
--

SELECT pg_catalog.setval('public.car_site_koreacustomdocument_id_seq', 1, false);


--
-- Name: car_site_koreaextralink_id_seq; Type: SEQUENCE SET; Schema: public; Owner: postgres
--

SELECT pg_catalog.setval('public.car_site_koreaextralink_id_seq', 1, false);


--
-- Name: car_site_koreapayment_id_seq; Type: SEQUENCE SET; Schema: public; Owner: postgres
--

SELECT pg_catalog.setval('public.car_site_koreapayment_id_seq', 1, false);


--
-- Name: car_site_koreapaymentfile_id_seq; Type: SEQUENCE SET; Schema: public; Owner: postgres
--

SELECT pg_catalog.setval('public.car_site_koreapaymentfile_id_seq', 1, false);


--
-- Name: car_site_koreaphoto_id_seq; Type: SEQUENCE SET; Schema: public; Owner: postgres
--

SELECT pg_catalog.setval('public.car_site_koreaphoto_id_seq', 1, false);


--
-- Name: car_site_koreatkphoto_id_seq; Type: SEQUENCE SET; Schema: public; Owner: postgres
--

SELECT pg_catalog.setval('public.car_site_koreatkphoto_id_seq', 1, false);


--
-- Name: car_site_platform_id_seq; Type: SEQUENCE SET; Schema: public; Owner: postgres
--

SELECT pg_catalog.setval('public.car_site_platform_id_seq', 1, false);


--
-- Name: car_site_usabelarusphoto_id_seq; Type: SEQUENCE SET; Schema: public; Owner: postgres
--

SELECT pg_catalog.setval('public.car_site_usabelarusphoto_id_seq', 1, false);


--
-- Name: car_site_usacard_id_seq; Type: SEQUENCE SET; Schema: public; Owner: postgres
--

SELECT pg_catalog.setval('public.car_site_usacard_id_seq', 1, false);


--
-- Name: car_site_usacustomdocument_id_seq; Type: SEQUENCE SET; Schema: public; Owner: postgres
--

SELECT pg_catalog.setval('public.car_site_usacustomdocument_id_seq', 1, false);


--
-- Name: car_site_usaextralink_id_seq; Type: SEQUENCE SET; Schema: public; Owner: postgres
--

SELECT pg_catalog.setval('public.car_site_usaextralink_id_seq', 1, false);


--
-- Name: car_site_usamoscowphoto_id_seq; Type: SEQUENCE SET; Schema: public; Owner: postgres
--

SELECT pg_catalog.setval('public.car_site_usamoscowphoto_id_seq', 1, false);


--
-- Name: car_site_usaopenphoto_id_seq; Type: SEQUENCE SET; Schema: public; Owner: postgres
--

SELECT pg_catalog.setval('public.car_site_usaopenphoto_id_seq', 1, false);


--
-- Name: car_site_usapayment_id_seq; Type: SEQUENCE SET; Schema: public; Owner: postgres
--

SELECT pg_catalog.setval('public.car_site_usapayment_id_seq', 1, false);


--
-- Name: car_site_usapaymentfile_id_seq; Type: SEQUENCE SET; Schema: public; Owner: postgres
--

SELECT pg_catalog.setval('public.car_site_usapaymentfile_id_seq', 1, false);


--
-- Name: car_site_usaphoto_id_seq; Type: SEQUENCE SET; Schema: public; Owner: postgres
--

SELECT pg_catalog.setval('public.car_site_usaphoto_id_seq', 1, false);


--
-- Name: car_site_usatakenphoto_id_seq; Type: SEQUENCE SET; Schema: public; Owner: postgres
--

SELECT pg_catalog.setval('public.car_site_usatakenphoto_id_seq', 1, false);


--
-- Name: car_site_usatracking_id_seq; Type: SEQUENCE SET; Schema: public; Owner: postgres
--

SELECT pg_catalog.setval('public.car_site_usatracking_id_seq', 1, false);


--
-- Name: car_site_userbalance_id_seq; Type: SEQUENCE SET; Schema: public; Owner: postgres
--

SELECT pg_catalog.setval('public.car_site_userbalance_id_seq', 1, false);


--
-- Name: django_admin_log_id_seq; Type: SEQUENCE SET; Schema: public; Owner: postgres
--

SELECT pg_catalog.setval('public.django_admin_log_id_seq', 16, true);


--
-- Name: django_content_type_id_seq; Type: SEQUENCE SET; Schema: public; Owner: postgres
--

SELECT pg_catalog.setval('public.django_content_type_id_seq', 42, true);


--
-- Name: django_migrations_id_seq; Type: SEQUENCE SET; Schema: public; Owner: postgres
--

SELECT pg_catalog.setval('public.django_migrations_id_seq', 53, true);


--
-- Name: exchange_rates_exchangerate_id_seq; Type: SEQUENCE SET; Schema: public; Owner: postgres
--

SELECT pg_catalog.setval('public.exchange_rates_exchangerate_id_seq', 1, true);


--
-- Name: auth_group auth_group_name_key; Type: CONSTRAINT; Schema: public; Owner: postgres
--

ALTER TABLE ONLY public.auth_group
    ADD CONSTRAINT auth_group_name_key UNIQUE (name);


--
-- Name: auth_group_permissions auth_group_permissions_group_id_permission_id_0cd325b0_uniq; Type: CONSTRAINT; Schema: public; Owner: postgres
--

ALTER TABLE ONLY public.auth_group_permissions
    ADD CONSTRAINT auth_group_permissions_group_id_permission_id_0cd325b0_uniq UNIQUE (group_id, permission_id);


--
-- Name: auth_group_permissions auth_group_permissions_pkey; Type: CONSTRAINT; Schema: public; Owner: postgres
--

ALTER TABLE ONLY public.auth_group_permissions
    ADD CONSTRAINT auth_group_permissions_pkey PRIMARY KEY (id);


--
-- Name: auth_group auth_group_pkey; Type: CONSTRAINT; Schema: public; Owner: postgres
--

ALTER TABLE ONLY public.auth_group
    ADD CONSTRAINT auth_group_pkey PRIMARY KEY (id);


--
-- Name: auth_permission auth_permission_content_type_id_codename_01ab375a_uniq; Type: CONSTRAINT; Schema: public; Owner: postgres
--

ALTER TABLE ONLY public.auth_permission
    ADD CONSTRAINT auth_permission_content_type_id_codename_01ab375a_uniq UNIQUE (content_type_id, codename);


--
-- Name: auth_permission auth_permission_pkey; Type: CONSTRAINT; Schema: public; Owner: postgres
--

ALTER TABLE ONLY public.auth_permission
    ADD CONSTRAINT auth_permission_pkey PRIMARY KEY (id);


--
-- Name: calculator_auction calculator_auction_name_key; Type: CONSTRAINT; Schema: public; Owner: postgres
--

ALTER TABLE ONLY public.calculator_auction
    ADD CONSTRAINT calculator_auction_name_key UNIQUE (name);


--
-- Name: calculator_auction calculator_auction_pkey; Type: CONSTRAINT; Schema: public; Owner: postgres
--

ALTER TABLE ONLY public.calculator_auction
    ADD CONSTRAINT calculator_auction_pkey PRIMARY KEY (id);


--
-- Name: calculator_location calculator_location_auction_id_name_5f048498_uniq; Type: CONSTRAINT; Schema: public; Owner: postgres
--

ALTER TABLE ONLY public.calculator_location
    ADD CONSTRAINT calculator_location_auction_id_name_5f048498_uniq UNIQUE (auction_id, name);


--
-- Name: calculator_location calculator_location_pkey; Type: CONSTRAINT; Schema: public; Owner: postgres
--

ALTER TABLE ONLY public.calculator_location
    ADD CONSTRAINT calculator_location_pkey PRIMARY KEY (id);


--
-- Name: calculator_port calculator_port_name_key; Type: CONSTRAINT; Schema: public; Owner: postgres
--

ALTER TABLE ONLY public.calculator_port
    ADD CONSTRAINT calculator_port_name_key UNIQUE (name);


--
-- Name: calculator_port calculator_port_pkey; Type: CONSTRAINT; Schema: public; Owner: postgres
--

ALTER TABLE ONLY public.calculator_port
    ADD CONSTRAINT calculator_port_pkey PRIMARY KEY (id);


--
-- Name: car_site_advuser_groups car_site_advuser_groups_advuser_id_group_id_08df4fab_uniq; Type: CONSTRAINT; Schema: public; Owner: postgres
--

ALTER TABLE ONLY public.car_site_advuser_groups
    ADD CONSTRAINT car_site_advuser_groups_advuser_id_group_id_08df4fab_uniq UNIQUE (advuser_id, group_id);


--
-- Name: car_site_advuser_groups car_site_advuser_groups_pkey; Type: CONSTRAINT; Schema: public; Owner: postgres
--

ALTER TABLE ONLY public.car_site_advuser_groups
    ADD CONSTRAINT car_site_advuser_groups_pkey PRIMARY KEY (id);


--
-- Name: car_site_advuser car_site_advuser_pkey; Type: CONSTRAINT; Schema: public; Owner: postgres
--

ALTER TABLE ONLY public.car_site_advuser
    ADD CONSTRAINT car_site_advuser_pkey PRIMARY KEY (id);


--
-- Name: car_site_advuser_user_permissions car_site_advuser_user_pe_advuser_id_permission_id_e2e67346_uniq; Type: CONSTRAINT; Schema: public; Owner: postgres
--

ALTER TABLE ONLY public.car_site_advuser_user_permissions
    ADD CONSTRAINT car_site_advuser_user_pe_advuser_id_permission_id_e2e67346_uniq UNIQUE (advuser_id, permission_id);


--
-- Name: car_site_advuser_user_permissions car_site_advuser_user_permissions_pkey; Type: CONSTRAINT; Schema: public; Owner: postgres
--

ALTER TABLE ONLY public.car_site_advuser_user_permissions
    ADD CONSTRAINT car_site_advuser_user_permissions_pkey PRIMARY KEY (id);


--
-- Name: car_site_advuser car_site_advuser_username_key; Type: CONSTRAINT; Schema: public; Owner: postgres
--

ALTER TABLE ONLY public.car_site_advuser
    ADD CONSTRAINT car_site_advuser_username_key UNIQUE (username);


--
-- Name: car_site_usaallowedcombination car_site_allowedcombination_pkey; Type: CONSTRAINT; Schema: public; Owner: postgres
--

ALTER TABLE ONLY public.car_site_usaallowedcombination
    ADD CONSTRAINT car_site_allowedcombination_pkey PRIMARY KEY (id);


--
-- Name: car_site_usaauction car_site_auction_pkey; Type: CONSTRAINT; Schema: public; Owner: postgres
--

ALTER TABLE ONLY public.car_site_usaauction
    ADD CONSTRAINT car_site_auction_pkey PRIMARY KEY (id);


--
-- Name: car_site_auctiondata car_site_auctiondata_card_id_5969725a_uniq; Type: CONSTRAINT; Schema: public; Owner: postgres
--

ALTER TABLE ONLY public.car_site_auctiondata
    ADD CONSTRAINT car_site_auctiondata_card_id_5969725a_uniq UNIQUE (card_id);


--
-- Name: car_site_auctiondata car_site_auctiondata_pkey; Type: CONSTRAINT; Schema: public; Owner: postgres
--

ALTER TABLE ONLY public.car_site_auctiondata
    ADD CONSTRAINT car_site_auctiondata_pkey PRIMARY KEY (id);


--
-- Name: car_site_europayment car_site_europayment_card_id_0c2e3bc0_uniq; Type: CONSTRAINT; Schema: public; Owner: postgres
--

ALTER TABLE ONLY public.car_site_europayment
    ADD CONSTRAINT car_site_europayment_card_id_0c2e3bc0_uniq UNIQUE (card_id);


--
-- Name: car_site_europayment car_site_europayment_pkey; Type: CONSTRAINT; Schema: public; Owner: postgres
--

ALTER TABLE ONLY public.car_site_europayment
    ADD CONSTRAINT car_site_europayment_pkey PRIMARY KEY (id);


--
-- Name: car_site_europebelarusphoto car_site_europebelarusphoto_pkey; Type: CONSTRAINT; Schema: public; Owner: postgres
--

ALTER TABLE ONLY public.car_site_europebelarusphoto
    ADD CONSTRAINT car_site_europebelarusphoto_pkey PRIMARY KEY (id);


--
-- Name: car_site_europecard car_site_europecard_pkey; Type: CONSTRAINT; Schema: public; Owner: postgres
--

ALTER TABLE ONLY public.car_site_europecard
    ADD CONSTRAINT car_site_europecard_pkey PRIMARY KEY (id);


--
-- Name: car_site_europecustomdocument car_site_europecustomdocument_pkey; Type: CONSTRAINT; Schema: public; Owner: postgres
--

ALTER TABLE ONLY public.car_site_europecustomdocument
    ADD CONSTRAINT car_site_europecustomdocument_pkey PRIMARY KEY (id);


--
-- Name: car_site_europeextralink car_site_europeextralink_pkey; Type: CONSTRAINT; Schema: public; Owner: postgres
--

ALTER TABLE ONLY public.car_site_europeextralink
    ADD CONSTRAINT car_site_europeextralink_pkey PRIMARY KEY (id);


--
-- Name: car_site_europepaymentfile car_site_europepaymentfile_pkey; Type: CONSTRAINT; Schema: public; Owner: postgres
--

ALTER TABLE ONLY public.car_site_europepaymentfile
    ADD CONSTRAINT car_site_europepaymentfile_pkey PRIMARY KEY (id);


--
-- Name: car_site_europephoto car_site_europephoto_pkey; Type: CONSTRAINT; Schema: public; Owner: postgres
--

ALTER TABLE ONLY public.car_site_europephoto
    ADD CONSTRAINT car_site_europephoto_pkey PRIMARY KEY (id);


--
-- Name: car_site_europetracking car_site_europetracking_card_id_c4f02d19_uniq; Type: CONSTRAINT; Schema: public; Owner: postgres
--

ALTER TABLE ONLY public.car_site_europetracking
    ADD CONSTRAINT car_site_europetracking_card_id_c4f02d19_uniq UNIQUE (card_id);


--
-- Name: car_site_europetracking car_site_europetracking_pkey; Type: CONSTRAINT; Schema: public; Owner: postgres
--

ALTER TABLE ONLY public.car_site_europetracking
    ADD CONSTRAINT car_site_europetracking_pkey PRIMARY KEY (id);


--
-- Name: car_site_europlatform car_site_europlatform_card_id_f7c138be_uniq; Type: CONSTRAINT; Schema: public; Owner: postgres
--

ALTER TABLE ONLY public.car_site_europlatform
    ADD CONSTRAINT car_site_europlatform_card_id_f7c138be_uniq UNIQUE (card_id);


--
-- Name: car_site_europlatform car_site_europlatform_pkey; Type: CONSTRAINT; Schema: public; Owner: postgres
--

ALTER TABLE ONLY public.car_site_europlatform
    ADD CONSTRAINT car_site_europlatform_pkey PRIMARY KEY (id);


--
-- Name: car_site_koreacard car_site_koreacard_pkey; Type: CONSTRAINT; Schema: public; Owner: postgres
--

ALTER TABLE ONLY public.car_site_koreacard
    ADD CONSTRAINT car_site_koreacard_pkey PRIMARY KEY (id);


--
-- Name: car_site_koreacustomdocument car_site_koreacustomdocument_pkey; Type: CONSTRAINT; Schema: public; Owner: postgres
--

ALTER TABLE ONLY public.car_site_koreacustomdocument
    ADD CONSTRAINT car_site_koreacustomdocument_pkey PRIMARY KEY (id);


--
-- Name: car_site_koreaextralink car_site_koreaextralink_pkey; Type: CONSTRAINT; Schema: public; Owner: postgres
--

ALTER TABLE ONLY public.car_site_koreaextralink
    ADD CONSTRAINT car_site_koreaextralink_pkey PRIMARY KEY (id);


--
-- Name: car_site_koreapayment car_site_koreapayment_card_id_key; Type: CONSTRAINT; Schema: public; Owner: postgres
--

ALTER TABLE ONLY public.car_site_koreapayment
    ADD CONSTRAINT car_site_koreapayment_card_id_key UNIQUE (card_id);


--
-- Name: car_site_koreapayment car_site_koreapayment_pkey; Type: CONSTRAINT; Schema: public; Owner: postgres
--

ALTER TABLE ONLY public.car_site_koreapayment
    ADD CONSTRAINT car_site_koreapayment_pkey PRIMARY KEY (id);


--
-- Name: car_site_koreapaymentfile car_site_koreapaymentfile_pkey; Type: CONSTRAINT; Schema: public; Owner: postgres
--

ALTER TABLE ONLY public.car_site_koreapaymentfile
    ADD CONSTRAINT car_site_koreapaymentfile_pkey PRIMARY KEY (id);


--
-- Name: car_site_koreaphoto car_site_koreaphoto_pkey; Type: CONSTRAINT; Schema: public; Owner: postgres
--

ALTER TABLE ONLY public.car_site_koreaphoto
    ADD CONSTRAINT car_site_koreaphoto_pkey PRIMARY KEY (id);


--
-- Name: car_site_koreatkphoto car_site_koreatkphoto_pkey; Type: CONSTRAINT; Schema: public; Owner: postgres
--

ALTER TABLE ONLY public.car_site_koreatkphoto
    ADD CONSTRAINT car_site_koreatkphoto_pkey PRIMARY KEY (id);


--
-- Name: car_site_usaplatform car_site_platform_pkey; Type: CONSTRAINT; Schema: public; Owner: postgres
--

ALTER TABLE ONLY public.car_site_usaplatform
    ADD CONSTRAINT car_site_platform_pkey PRIMARY KEY (id);


--
-- Name: car_site_usabelarusphoto car_site_usabelarusphoto_pkey; Type: CONSTRAINT; Schema: public; Owner: postgres
--

ALTER TABLE ONLY public.car_site_usabelarusphoto
    ADD CONSTRAINT car_site_usabelarusphoto_pkey PRIMARY KEY (id);


--
-- Name: car_site_usacard car_site_usacard_pkey; Type: CONSTRAINT; Schema: public; Owner: postgres
--

ALTER TABLE ONLY public.car_site_usacard
    ADD CONSTRAINT car_site_usacard_pkey PRIMARY KEY (id);


--
-- Name: car_site_usacustomdocument car_site_usacustomdocument_pkey; Type: CONSTRAINT; Schema: public; Owner: postgres
--

ALTER TABLE ONLY public.car_site_usacustomdocument
    ADD CONSTRAINT car_site_usacustomdocument_pkey PRIMARY KEY (id);


--
-- Name: car_site_usaextralink car_site_usaextralink_pkey; Type: CONSTRAINT; Schema: public; Owner: postgres
--

ALTER TABLE ONLY public.car_site_usaextralink
    ADD CONSTRAINT car_site_usaextralink_pkey PRIMARY KEY (id);


--
-- Name: car_site_usamoscowphoto car_site_usamoscowphoto_pkey; Type: CONSTRAINT; Schema: public; Owner: postgres
--

ALTER TABLE ONLY public.car_site_usamoscowphoto
    ADD CONSTRAINT car_site_usamoscowphoto_pkey PRIMARY KEY (id);


--
-- Name: car_site_usaopenphoto car_site_usaopenphoto_pkey; Type: CONSTRAINT; Schema: public; Owner: postgres
--

ALTER TABLE ONLY public.car_site_usaopenphoto
    ADD CONSTRAINT car_site_usaopenphoto_pkey PRIMARY KEY (id);


--
-- Name: car_site_usapayment car_site_usapayment_card_id_41e92e53_uniq; Type: CONSTRAINT; Schema: public; Owner: postgres
--

ALTER TABLE ONLY public.car_site_usapayment
    ADD CONSTRAINT car_site_usapayment_card_id_41e92e53_uniq UNIQUE (card_id);


--
-- Name: car_site_usapayment car_site_usapayment_pkey; Type: CONSTRAINT; Schema: public; Owner: postgres
--

ALTER TABLE ONLY public.car_site_usapayment
    ADD CONSTRAINT car_site_usapayment_pkey PRIMARY KEY (id);


--
-- Name: car_site_usapaymentfile car_site_usapaymentfile_pkey; Type: CONSTRAINT; Schema: public; Owner: postgres
--

ALTER TABLE ONLY public.car_site_usapaymentfile
    ADD CONSTRAINT car_site_usapaymentfile_pkey PRIMARY KEY (id);


--
-- Name: car_site_usaphoto car_site_usaphoto_pkey; Type: CONSTRAINT; Schema: public; Owner: postgres
--

ALTER TABLE ONLY public.car_site_usaphoto
    ADD CONSTRAINT car_site_usaphoto_pkey PRIMARY KEY (id);


--
-- Name: car_site_usatakenphoto car_site_usatakenphoto_pkey; Type: CONSTRAINT; Schema: public; Owner: postgres
--

ALTER TABLE ONLY public.car_site_usatakenphoto
    ADD CONSTRAINT car_site_usatakenphoto_pkey PRIMARY KEY (id);


--
-- Name: car_site_usatracking car_site_usatracking_card_id_d365225d_uniq; Type: CONSTRAINT; Schema: public; Owner: postgres
--

ALTER TABLE ONLY public.car_site_usatracking
    ADD CONSTRAINT car_site_usatracking_card_id_d365225d_uniq UNIQUE (card_id);


--
-- Name: car_site_usatracking car_site_usatracking_pkey; Type: CONSTRAINT; Schema: public; Owner: postgres
--

ALTER TABLE ONLY public.car_site_usatracking
    ADD CONSTRAINT car_site_usatracking_pkey PRIMARY KEY (id);


--
-- Name: car_site_userbalance car_site_userbalance_pkey; Type: CONSTRAINT; Schema: public; Owner: postgres
--

ALTER TABLE ONLY public.car_site_userbalance
    ADD CONSTRAINT car_site_userbalance_pkey PRIMARY KEY (id);


--
-- Name: django_admin_log django_admin_log_pkey; Type: CONSTRAINT; Schema: public; Owner: postgres
--

ALTER TABLE ONLY public.django_admin_log
    ADD CONSTRAINT django_admin_log_pkey PRIMARY KEY (id);


--
-- Name: django_content_type django_content_type_app_label_model_76bd3d3b_uniq; Type: CONSTRAINT; Schema: public; Owner: postgres
--

ALTER TABLE ONLY public.django_content_type
    ADD CONSTRAINT django_content_type_app_label_model_76bd3d3b_uniq UNIQUE (app_label, model);


--
-- Name: django_content_type django_content_type_pkey; Type: CONSTRAINT; Schema: public; Owner: postgres
--

ALTER TABLE ONLY public.django_content_type
    ADD CONSTRAINT django_content_type_pkey PRIMARY KEY (id);


--
-- Name: django_migrations django_migrations_pkey; Type: CONSTRAINT; Schema: public; Owner: postgres
--

ALTER TABLE ONLY public.django_migrations
    ADD CONSTRAINT django_migrations_pkey PRIMARY KEY (id);


--
-- Name: django_session django_session_pkey; Type: CONSTRAINT; Schema: public; Owner: postgres
--

ALTER TABLE ONLY public.django_session
    ADD CONSTRAINT django_session_pkey PRIMARY KEY (session_key);


--
-- Name: exchange_rates_exchangerate exchange_rates_exchangerate_pkey; Type: CONSTRAINT; Schema: public; Owner: postgres
--

ALTER TABLE ONLY public.exchange_rates_exchangerate
    ADD CONSTRAINT exchange_rates_exchangerate_pkey PRIMARY KEY (id);


--
-- Name: auth_group_name_a6ea08ec_like; Type: INDEX; Schema: public; Owner: postgres
--

CREATE INDEX auth_group_name_a6ea08ec_like ON public.auth_group USING btree (name varchar_pattern_ops);


--
-- Name: auth_group_permissions_group_id_b120cbf9; Type: INDEX; Schema: public; Owner: postgres
--

CREATE INDEX auth_group_permissions_group_id_b120cbf9 ON public.auth_group_permissions USING btree (group_id);


--
-- Name: auth_group_permissions_permission_id_84c5c92e; Type: INDEX; Schema: public; Owner: postgres
--

CREATE INDEX auth_group_permissions_permission_id_84c5c92e ON public.auth_group_permissions USING btree (permission_id);


--
-- Name: auth_permission_content_type_id_2f476e4b; Type: INDEX; Schema: public; Owner: postgres
--

CREATE INDEX auth_permission_content_type_id_2f476e4b ON public.auth_permission USING btree (content_type_id);


--
-- Name: calculator_auction_name_80ecd898_like; Type: INDEX; Schema: public; Owner: postgres
--

CREATE INDEX calculator_auction_name_80ecd898_like ON public.calculator_auction USING btree (name varchar_pattern_ops);


--
-- Name: calculator_location_auction_id_551b70a3; Type: INDEX; Schema: public; Owner: postgres
--

CREATE INDEX calculator_location_auction_id_551b70a3 ON public.calculator_location USING btree (auction_id);


--
-- Name: calculator_location_port_id_deb2d80f; Type: INDEX; Schema: public; Owner: postgres
--

CREATE INDEX calculator_location_port_id_deb2d80f ON public.calculator_location USING btree (port_id);


--
-- Name: calculator_port_name_0c64b32e_like; Type: INDEX; Schema: public; Owner: postgres
--

CREATE INDEX calculator_port_name_0c64b32e_like ON public.calculator_port USING btree (name varchar_pattern_ops);


--
-- Name: car_site_advuser_groups_advuser_id_0b7593b5; Type: INDEX; Schema: public; Owner: postgres
--

CREATE INDEX car_site_advuser_groups_advuser_id_0b7593b5 ON public.car_site_advuser_groups USING btree (advuser_id);


--
-- Name: car_site_advuser_groups_group_id_e23abc93; Type: INDEX; Schema: public; Owner: postgres
--

CREATE INDEX car_site_advuser_groups_group_id_e23abc93 ON public.car_site_advuser_groups USING btree (group_id);


--
-- Name: car_site_advuser_user_permissions_advuser_id_d160f7d4; Type: INDEX; Schema: public; Owner: postgres
--

CREATE INDEX car_site_advuser_user_permissions_advuser_id_d160f7d4 ON public.car_site_advuser_user_permissions USING btree (advuser_id);


--
-- Name: car_site_advuser_user_permissions_permission_id_19ba0aee; Type: INDEX; Schema: public; Owner: postgres
--

CREATE INDEX car_site_advuser_user_permissions_permission_id_19ba0aee ON public.car_site_advuser_user_permissions USING btree (permission_id);


--
-- Name: car_site_advuser_username_e2414340_like; Type: INDEX; Schema: public; Owner: postgres
--

CREATE INDEX car_site_advuser_username_e2414340_like ON public.car_site_advuser USING btree (username varchar_pattern_ops);


--
-- Name: car_site_allowedcombination_auction_id_0e473731; Type: INDEX; Schema: public; Owner: postgres
--

CREATE INDEX car_site_allowedcombination_auction_id_0e473731 ON public.car_site_usaallowedcombination USING btree (auction_id);


--
-- Name: car_site_allowedcombination_platform_id_0951c9b4; Type: INDEX; Schema: public; Owner: postgres
--

CREATE INDEX car_site_allowedcombination_platform_id_0951c9b4 ON public.car_site_usaallowedcombination USING btree (platform_id);


--
-- Name: car_site_auctiondata_auction_id_c47a5448; Type: INDEX; Schema: public; Owner: postgres
--

CREATE INDEX car_site_auctiondata_auction_id_c47a5448 ON public.car_site_auctiondata USING btree (auction_id);


--
-- Name: car_site_auctiondata_platform_id_49ad1a89; Type: INDEX; Schema: public; Owner: postgres
--

CREATE INDEX car_site_auctiondata_platform_id_49ad1a89 ON public.car_site_auctiondata USING btree (platform_id);


--
-- Name: car_site_europebelarusphoto_card_id_a17b67bc; Type: INDEX; Schema: public; Owner: postgres
--

CREATE INDEX car_site_europebelarusphoto_card_id_a17b67bc ON public.car_site_europebelarusphoto USING btree (card_id);


--
-- Name: car_site_europecard_user_id_3bb876f7; Type: INDEX; Schema: public; Owner: postgres
--

CREATE INDEX car_site_europecard_user_id_3bb876f7 ON public.car_site_europecard USING btree (user_id);


--
-- Name: car_site_europecustomdocument_card_id_f63be8b7; Type: INDEX; Schema: public; Owner: postgres
--

CREATE INDEX car_site_europecustomdocument_card_id_f63be8b7 ON public.car_site_europecustomdocument USING btree (card_id);


--
-- Name: car_site_europeextralink_card_id_fe878a17; Type: INDEX; Schema: public; Owner: postgres
--

CREATE INDEX car_site_europeextralink_card_id_fe878a17 ON public.car_site_europeextralink USING btree (card_id);


--
-- Name: car_site_europepaymentfile_card_id_f2d6009e; Type: INDEX; Schema: public; Owner: postgres
--

CREATE INDEX car_site_europepaymentfile_card_id_f2d6009e ON public.car_site_europepaymentfile USING btree (card_id);


--
-- Name: car_site_europephoto_card_id_f36bce9a; Type: INDEX; Schema: public; Owner: postgres
--

CREATE INDEX car_site_europephoto_card_id_f36bce9a ON public.car_site_europephoto USING btree (card_id);


--
-- Name: car_site_koreacard_user_id_084c0787; Type: INDEX; Schema: public; Owner: postgres
--

CREATE INDEX car_site_koreacard_user_id_084c0787 ON public.car_site_koreacard USING btree (user_id);


--
-- Name: car_site_koreacustomdocument_card_id_cebb69ff; Type: INDEX; Schema: public; Owner: postgres
--

CREATE INDEX car_site_koreacustomdocument_card_id_cebb69ff ON public.car_site_koreacustomdocument USING btree (card_id);


--
-- Name: car_site_koreaextralink_card_id_2fa5c8fa; Type: INDEX; Schema: public; Owner: postgres
--

CREATE INDEX car_site_koreaextralink_card_id_2fa5c8fa ON public.car_site_koreaextralink USING btree (card_id);


--
-- Name: car_site_koreapaymentfile_card_id_86492276; Type: INDEX; Schema: public; Owner: postgres
--

CREATE INDEX car_site_koreapaymentfile_card_id_86492276 ON public.car_site_koreapaymentfile USING btree (card_id);


--
-- Name: car_site_koreaphoto_card_id_e9a00b7b; Type: INDEX; Schema: public; Owner: postgres
--

CREATE INDEX car_site_koreaphoto_card_id_e9a00b7b ON public.car_site_koreaphoto USING btree (card_id);


--
-- Name: car_site_koreatkphoto_card_id_2b1feef8; Type: INDEX; Schema: public; Owner: postgres
--

CREATE INDEX car_site_koreatkphoto_card_id_2b1feef8 ON public.car_site_koreatkphoto USING btree (card_id);


--
-- Name: car_site_platform_auction_id_683e4d77; Type: INDEX; Schema: public; Owner: postgres
--

CREATE INDEX car_site_platform_auction_id_683e4d77 ON public.car_site_usaplatform USING btree (auction_id);


--
-- Name: car_site_usabelarusphoto_card_id_9a9b526d; Type: INDEX; Schema: public; Owner: postgres
--

CREATE INDEX car_site_usabelarusphoto_card_id_9a9b526d ON public.car_site_usabelarusphoto USING btree (card_id);


--
-- Name: car_site_usacard_user_id_f7952b11; Type: INDEX; Schema: public; Owner: postgres
--

CREATE INDEX car_site_usacard_user_id_f7952b11 ON public.car_site_usacard USING btree (user_id);


--
-- Name: car_site_usacustomdocument_card_id_4dffda32; Type: INDEX; Schema: public; Owner: postgres
--

CREATE INDEX car_site_usacustomdocument_card_id_4dffda32 ON public.car_site_usacustomdocument USING btree (card_id);


--
-- Name: car_site_usaextralink_card_id_d4dcbd4f; Type: INDEX; Schema: public; Owner: postgres
--

CREATE INDEX car_site_usaextralink_card_id_d4dcbd4f ON public.car_site_usaextralink USING btree (card_id);


--
-- Name: car_site_usamoscowphoto_card_id_283a96a4; Type: INDEX; Schema: public; Owner: postgres
--

CREATE INDEX car_site_usamoscowphoto_card_id_283a96a4 ON public.car_site_usamoscowphoto USING btree (card_id);


--
-- Name: car_site_usaopenphoto_card_id_edbee04d; Type: INDEX; Schema: public; Owner: postgres
--

CREATE INDEX car_site_usaopenphoto_card_id_edbee04d ON public.car_site_usaopenphoto USING btree (card_id);


--
-- Name: car_site_usapaymentfile_card_id_e0875a69; Type: INDEX; Schema: public; Owner: postgres
--

CREATE INDEX car_site_usapaymentfile_card_id_e0875a69 ON public.car_site_usapaymentfile USING btree (card_id);


--
-- Name: car_site_usaphoto_card_id_80cc8ec5; Type: INDEX; Schema: public; Owner: postgres
--

CREATE INDEX car_site_usaphoto_card_id_80cc8ec5 ON public.car_site_usaphoto USING btree (card_id);


--
-- Name: car_site_usatakenphoto_card_id_ab3c1221; Type: INDEX; Schema: public; Owner: postgres
--

CREATE INDEX car_site_usatakenphoto_card_id_ab3c1221 ON public.car_site_usatakenphoto USING btree (card_id);


--
-- Name: car_site_userbalance_user_id_ecda3b4f; Type: INDEX; Schema: public; Owner: postgres
--

CREATE INDEX car_site_userbalance_user_id_ecda3b4f ON public.car_site_userbalance USING btree (user_id);


--
-- Name: django_admin_log_content_type_id_c4bce8eb; Type: INDEX; Schema: public; Owner: postgres
--

CREATE INDEX django_admin_log_content_type_id_c4bce8eb ON public.django_admin_log USING btree (content_type_id);


--
-- Name: django_admin_log_user_id_c564eba6; Type: INDEX; Schema: public; Owner: postgres
--

CREATE INDEX django_admin_log_user_id_c564eba6 ON public.django_admin_log USING btree (user_id);


--
-- Name: django_session_expire_date_a5c62663; Type: INDEX; Schema: public; Owner: postgres
--

CREATE INDEX django_session_expire_date_a5c62663 ON public.django_session USING btree (expire_date);


--
-- Name: django_session_session_key_c0390e0f_like; Type: INDEX; Schema: public; Owner: postgres
--

CREATE INDEX django_session_session_key_c0390e0f_like ON public.django_session USING btree (session_key varchar_pattern_ops);


--
-- Name: auth_group_permissions auth_group_permissio_permission_id_84c5c92e_fk_auth_perm; Type: FK CONSTRAINT; Schema: public; Owner: postgres
--

ALTER TABLE ONLY public.auth_group_permissions
    ADD CONSTRAINT auth_group_permissio_permission_id_84c5c92e_fk_auth_perm FOREIGN KEY (permission_id) REFERENCES public.auth_permission(id) DEFERRABLE INITIALLY DEFERRED;


--
-- Name: auth_group_permissions auth_group_permissions_group_id_b120cbf9_fk_auth_group_id; Type: FK CONSTRAINT; Schema: public; Owner: postgres
--

ALTER TABLE ONLY public.auth_group_permissions
    ADD CONSTRAINT auth_group_permissions_group_id_b120cbf9_fk_auth_group_id FOREIGN KEY (group_id) REFERENCES public.auth_group(id) DEFERRABLE INITIALLY DEFERRED;


--
-- Name: auth_permission auth_permission_content_type_id_2f476e4b_fk_django_co; Type: FK CONSTRAINT; Schema: public; Owner: postgres
--

ALTER TABLE ONLY public.auth_permission
    ADD CONSTRAINT auth_permission_content_type_id_2f476e4b_fk_django_co FOREIGN KEY (content_type_id) REFERENCES public.django_content_type(id) DEFERRABLE INITIALLY DEFERRED;


--
-- Name: calculator_location calculator_location_auction_id_551b70a3_fk_calculato; Type: FK CONSTRAINT; Schema: public; Owner: postgres
--

ALTER TABLE ONLY public.calculator_location
    ADD CONSTRAINT calculator_location_auction_id_551b70a3_fk_calculato FOREIGN KEY (auction_id) REFERENCES public.calculator_auction(id) DEFERRABLE INITIALLY DEFERRED;


--
-- Name: calculator_location calculator_location_port_id_deb2d80f_fk_calculator_port_id; Type: FK CONSTRAINT; Schema: public; Owner: postgres
--

ALTER TABLE ONLY public.calculator_location
    ADD CONSTRAINT calculator_location_port_id_deb2d80f_fk_calculator_port_id FOREIGN KEY (port_id) REFERENCES public.calculator_port(id) DEFERRABLE INITIALLY DEFERRED;


--
-- Name: car_site_advuser_groups car_site_advuser_gro_advuser_id_0b7593b5_fk_car_site_; Type: FK CONSTRAINT; Schema: public; Owner: postgres
--

ALTER TABLE ONLY public.car_site_advuser_groups
    ADD CONSTRAINT car_site_advuser_gro_advuser_id_0b7593b5_fk_car_site_ FOREIGN KEY (advuser_id) REFERENCES public.car_site_advuser(id) DEFERRABLE INITIALLY DEFERRED;


--
-- Name: car_site_advuser_groups car_site_advuser_groups_group_id_e23abc93_fk_auth_group_id; Type: FK CONSTRAINT; Schema: public; Owner: postgres
--

ALTER TABLE ONLY public.car_site_advuser_groups
    ADD CONSTRAINT car_site_advuser_groups_group_id_e23abc93_fk_auth_group_id FOREIGN KEY (group_id) REFERENCES public.auth_group(id) DEFERRABLE INITIALLY DEFERRED;


--
-- Name: car_site_advuser_user_permissions car_site_advuser_use_advuser_id_d160f7d4_fk_car_site_; Type: FK CONSTRAINT; Schema: public; Owner: postgres
--

ALTER TABLE ONLY public.car_site_advuser_user_permissions
    ADD CONSTRAINT car_site_advuser_use_advuser_id_d160f7d4_fk_car_site_ FOREIGN KEY (advuser_id) REFERENCES public.car_site_advuser(id) DEFERRABLE INITIALLY DEFERRED;


--
-- Name: car_site_advuser_user_permissions car_site_advuser_use_permission_id_19ba0aee_fk_auth_perm; Type: FK CONSTRAINT; Schema: public; Owner: postgres
--

ALTER TABLE ONLY public.car_site_advuser_user_permissions
    ADD CONSTRAINT car_site_advuser_use_permission_id_19ba0aee_fk_auth_perm FOREIGN KEY (permission_id) REFERENCES public.auth_permission(id) DEFERRABLE INITIALLY DEFERRED;


--
-- Name: car_site_auctiondata car_site_auctiondata_auction_id_c47a5448_fk_car_site_; Type: FK CONSTRAINT; Schema: public; Owner: postgres
--

ALTER TABLE ONLY public.car_site_auctiondata
    ADD CONSTRAINT car_site_auctiondata_auction_id_c47a5448_fk_car_site_ FOREIGN KEY (auction_id) REFERENCES public.car_site_usaauction(id) DEFERRABLE INITIALLY DEFERRED;


--
-- Name: car_site_auctiondata car_site_auctiondata_card_id_5969725a_fk_car_site_usacard_id; Type: FK CONSTRAINT; Schema: public; Owner: postgres
--

ALTER TABLE ONLY public.car_site_auctiondata
    ADD CONSTRAINT car_site_auctiondata_card_id_5969725a_fk_car_site_usacard_id FOREIGN KEY (card_id) REFERENCES public.car_site_usacard(id) DEFERRABLE INITIALLY DEFERRED;


--
-- Name: car_site_auctiondata car_site_auctiondata_platform_id_49ad1a89_fk_car_site_; Type: FK CONSTRAINT; Schema: public; Owner: postgres
--

ALTER TABLE ONLY public.car_site_auctiondata
    ADD CONSTRAINT car_site_auctiondata_platform_id_49ad1a89_fk_car_site_ FOREIGN KEY (platform_id) REFERENCES public.car_site_usaplatform(id) DEFERRABLE INITIALLY DEFERRED;


--
-- Name: car_site_europayment car_site_europayment_card_id_0c2e3bc0_fk_car_site_europecard_id; Type: FK CONSTRAINT; Schema: public; Owner: postgres
--

ALTER TABLE ONLY public.car_site_europayment
    ADD CONSTRAINT car_site_europayment_card_id_0c2e3bc0_fk_car_site_europecard_id FOREIGN KEY (card_id) REFERENCES public.car_site_europecard(id) DEFERRABLE INITIALLY DEFERRED;


--
-- Name: car_site_europebelarusphoto car_site_europebelar_card_id_a17b67bc_fk_car_site_; Type: FK CONSTRAINT; Schema: public; Owner: postgres
--

ALTER TABLE ONLY public.car_site_europebelarusphoto
    ADD CONSTRAINT car_site_europebelar_card_id_a17b67bc_fk_car_site_ FOREIGN KEY (card_id) REFERENCES public.car_site_europecard(id) DEFERRABLE INITIALLY DEFERRED;


--
-- Name: car_site_europecard car_site_europecard_user_id_3bb876f7_fk_car_site_advuser_id; Type: FK CONSTRAINT; Schema: public; Owner: postgres
--

ALTER TABLE ONLY public.car_site_europecard
    ADD CONSTRAINT car_site_europecard_user_id_3bb876f7_fk_car_site_advuser_id FOREIGN KEY (user_id) REFERENCES public.car_site_advuser(id) DEFERRABLE INITIALLY DEFERRED;


--
-- Name: car_site_europecustomdocument car_site_europecusto_card_id_f63be8b7_fk_car_site_; Type: FK CONSTRAINT; Schema: public; Owner: postgres
--

ALTER TABLE ONLY public.car_site_europecustomdocument
    ADD CONSTRAINT car_site_europecusto_card_id_f63be8b7_fk_car_site_ FOREIGN KEY (card_id) REFERENCES public.car_site_europecard(id) DEFERRABLE INITIALLY DEFERRED;


--
-- Name: car_site_europeextralink car_site_europeextra_card_id_fe878a17_fk_car_site_; Type: FK CONSTRAINT; Schema: public; Owner: postgres
--

ALTER TABLE ONLY public.car_site_europeextralink
    ADD CONSTRAINT car_site_europeextra_card_id_fe878a17_fk_car_site_ FOREIGN KEY (card_id) REFERENCES public.car_site_europecard(id) DEFERRABLE INITIALLY DEFERRED;


--
-- Name: car_site_europepaymentfile car_site_europepayme_card_id_f2d6009e_fk_car_site_; Type: FK CONSTRAINT; Schema: public; Owner: postgres
--

ALTER TABLE ONLY public.car_site_europepaymentfile
    ADD CONSTRAINT car_site_europepayme_card_id_f2d6009e_fk_car_site_ FOREIGN KEY (card_id) REFERENCES public.car_site_europecard(id) DEFERRABLE INITIALLY DEFERRED;


--
-- Name: car_site_europephoto car_site_europephoto_card_id_f36bce9a_fk_car_site_europecard_id; Type: FK CONSTRAINT; Schema: public; Owner: postgres
--

ALTER TABLE ONLY public.car_site_europephoto
    ADD CONSTRAINT car_site_europephoto_card_id_f36bce9a_fk_car_site_europecard_id FOREIGN KEY (card_id) REFERENCES public.car_site_europecard(id) DEFERRABLE INITIALLY DEFERRED;


--
-- Name: car_site_europetracking car_site_europetrack_card_id_c4f02d19_fk_car_site_; Type: FK CONSTRAINT; Schema: public; Owner: postgres
--

ALTER TABLE ONLY public.car_site_europetracking
    ADD CONSTRAINT car_site_europetrack_card_id_c4f02d19_fk_car_site_ FOREIGN KEY (card_id) REFERENCES public.car_site_europecard(id) DEFERRABLE INITIALLY DEFERRED;


--
-- Name: car_site_europlatform car_site_europlatfor_card_id_f7c138be_fk_car_site_; Type: FK CONSTRAINT; Schema: public; Owner: postgres
--

ALTER TABLE ONLY public.car_site_europlatform
    ADD CONSTRAINT car_site_europlatfor_card_id_f7c138be_fk_car_site_ FOREIGN KEY (card_id) REFERENCES public.car_site_europecard(id) DEFERRABLE INITIALLY DEFERRED;


--
-- Name: car_site_koreacard car_site_koreacard_user_id_084c0787_fk_car_site_advuser_id; Type: FK CONSTRAINT; Schema: public; Owner: postgres
--

ALTER TABLE ONLY public.car_site_koreacard
    ADD CONSTRAINT car_site_koreacard_user_id_084c0787_fk_car_site_advuser_id FOREIGN KEY (user_id) REFERENCES public.car_site_advuser(id) DEFERRABLE INITIALLY DEFERRED;


--
-- Name: car_site_koreacustomdocument car_site_koreacustom_card_id_cebb69ff_fk_car_site_; Type: FK CONSTRAINT; Schema: public; Owner: postgres
--

ALTER TABLE ONLY public.car_site_koreacustomdocument
    ADD CONSTRAINT car_site_koreacustom_card_id_cebb69ff_fk_car_site_ FOREIGN KEY (card_id) REFERENCES public.car_site_koreacard(id) DEFERRABLE INITIALLY DEFERRED;


--
-- Name: car_site_koreaextralink car_site_koreaextral_card_id_2fa5c8fa_fk_car_site_; Type: FK CONSTRAINT; Schema: public; Owner: postgres
--

ALTER TABLE ONLY public.car_site_koreaextralink
    ADD CONSTRAINT car_site_koreaextral_card_id_2fa5c8fa_fk_car_site_ FOREIGN KEY (card_id) REFERENCES public.car_site_koreacard(id) DEFERRABLE INITIALLY DEFERRED;


--
-- Name: car_site_koreapaymentfile car_site_koreapaymen_card_id_86492276_fk_car_site_; Type: FK CONSTRAINT; Schema: public; Owner: postgres
--

ALTER TABLE ONLY public.car_site_koreapaymentfile
    ADD CONSTRAINT car_site_koreapaymen_card_id_86492276_fk_car_site_ FOREIGN KEY (card_id) REFERENCES public.car_site_koreacard(id) DEFERRABLE INITIALLY DEFERRED;


--
-- Name: car_site_koreapayment car_site_koreapayment_card_id_eb7deedd_fk_car_site_koreacard_id; Type: FK CONSTRAINT; Schema: public; Owner: postgres
--

ALTER TABLE ONLY public.car_site_koreapayment
    ADD CONSTRAINT car_site_koreapayment_card_id_eb7deedd_fk_car_site_koreacard_id FOREIGN KEY (card_id) REFERENCES public.car_site_koreacard(id) DEFERRABLE INITIALLY DEFERRED;


--
-- Name: car_site_koreaphoto car_site_koreaphoto_card_id_e9a00b7b_fk_car_site_koreacard_id; Type: FK CONSTRAINT; Schema: public; Owner: postgres
--

ALTER TABLE ONLY public.car_site_koreaphoto
    ADD CONSTRAINT car_site_koreaphoto_card_id_e9a00b7b_fk_car_site_koreacard_id FOREIGN KEY (card_id) REFERENCES public.car_site_koreacard(id) DEFERRABLE INITIALLY DEFERRED;


--
-- Name: car_site_koreatkphoto car_site_koreatkphoto_card_id_2b1feef8_fk_car_site_koreacard_id; Type: FK CONSTRAINT; Schema: public; Owner: postgres
--

ALTER TABLE ONLY public.car_site_koreatkphoto
    ADD CONSTRAINT car_site_koreatkphoto_card_id_2b1feef8_fk_car_site_koreacard_id FOREIGN KEY (card_id) REFERENCES public.car_site_koreacard(id) DEFERRABLE INITIALLY DEFERRED;


--
-- Name: car_site_usaplatform car_site_platform_auction_id_683e4d77_fk_car_site_usaauction_id; Type: FK CONSTRAINT; Schema: public; Owner: postgres
--

ALTER TABLE ONLY public.car_site_usaplatform
    ADD CONSTRAINT car_site_platform_auction_id_683e4d77_fk_car_site_usaauction_id FOREIGN KEY (auction_id) REFERENCES public.car_site_usaauction(id) DEFERRABLE INITIALLY DEFERRED;


--
-- Name: car_site_usaallowedcombination car_site_usaallowedc_auction_id_224c53fe_fk_car_site_; Type: FK CONSTRAINT; Schema: public; Owner: postgres
--

ALTER TABLE ONLY public.car_site_usaallowedcombination
    ADD CONSTRAINT car_site_usaallowedc_auction_id_224c53fe_fk_car_site_ FOREIGN KEY (auction_id) REFERENCES public.car_site_usaauction(id) DEFERRABLE INITIALLY DEFERRED;


--
-- Name: car_site_usaallowedcombination car_site_usaallowedc_platform_id_e6ae5621_fk_car_site_; Type: FK CONSTRAINT; Schema: public; Owner: postgres
--

ALTER TABLE ONLY public.car_site_usaallowedcombination
    ADD CONSTRAINT car_site_usaallowedc_platform_id_e6ae5621_fk_car_site_ FOREIGN KEY (platform_id) REFERENCES public.car_site_usaplatform(id) DEFERRABLE INITIALLY DEFERRED;


--
-- Name: car_site_usabelarusphoto car_site_usabelarusp_card_id_9a9b526d_fk_car_site_; Type: FK CONSTRAINT; Schema: public; Owner: postgres
--

ALTER TABLE ONLY public.car_site_usabelarusphoto
    ADD CONSTRAINT car_site_usabelarusp_card_id_9a9b526d_fk_car_site_ FOREIGN KEY (card_id) REFERENCES public.car_site_usacard(id) DEFERRABLE INITIALLY DEFERRED;


--
-- Name: car_site_usacard car_site_usacard_user_id_f7952b11_fk_car_site_advuser_id; Type: FK CONSTRAINT; Schema: public; Owner: postgres
--

ALTER TABLE ONLY public.car_site_usacard
    ADD CONSTRAINT car_site_usacard_user_id_f7952b11_fk_car_site_advuser_id FOREIGN KEY (user_id) REFERENCES public.car_site_advuser(id) DEFERRABLE INITIALLY DEFERRED;


--
-- Name: car_site_usacustomdocument car_site_usacustomdo_card_id_4dffda32_fk_car_site_; Type: FK CONSTRAINT; Schema: public; Owner: postgres
--

ALTER TABLE ONLY public.car_site_usacustomdocument
    ADD CONSTRAINT car_site_usacustomdo_card_id_4dffda32_fk_car_site_ FOREIGN KEY (card_id) REFERENCES public.car_site_usacard(id) DEFERRABLE INITIALLY DEFERRED;


--
-- Name: car_site_usaextralink car_site_usaextralink_card_id_d4dcbd4f_fk_car_site_usacard_id; Type: FK CONSTRAINT; Schema: public; Owner: postgres
--

ALTER TABLE ONLY public.car_site_usaextralink
    ADD CONSTRAINT car_site_usaextralink_card_id_d4dcbd4f_fk_car_site_usacard_id FOREIGN KEY (card_id) REFERENCES public.car_site_usacard(id) DEFERRABLE INITIALLY DEFERRED;


--
-- Name: car_site_usamoscowphoto car_site_usamoscowphoto_card_id_283a96a4_fk_car_site_usacard_id; Type: FK CONSTRAINT; Schema: public; Owner: postgres
--

ALTER TABLE ONLY public.car_site_usamoscowphoto
    ADD CONSTRAINT car_site_usamoscowphoto_card_id_283a96a4_fk_car_site_usacard_id FOREIGN KEY (card_id) REFERENCES public.car_site_usacard(id) DEFERRABLE INITIALLY DEFERRED;


--
-- Name: car_site_usaopenphoto car_site_usaopenphoto_card_id_edbee04d_fk_car_site_usacard_id; Type: FK CONSTRAINT; Schema: public; Owner: postgres
--

ALTER TABLE ONLY public.car_site_usaopenphoto
    ADD CONSTRAINT car_site_usaopenphoto_card_id_edbee04d_fk_car_site_usacard_id FOREIGN KEY (card_id) REFERENCES public.car_site_usacard(id) DEFERRABLE INITIALLY DEFERRED;


--
-- Name: car_site_usapayment car_site_usapayment_card_id_41e92e53_fk_car_site_usacard_id; Type: FK CONSTRAINT; Schema: public; Owner: postgres
--

ALTER TABLE ONLY public.car_site_usapayment
    ADD CONSTRAINT car_site_usapayment_card_id_41e92e53_fk_car_site_usacard_id FOREIGN KEY (card_id) REFERENCES public.car_site_usacard(id) DEFERRABLE INITIALLY DEFERRED;


--
-- Name: car_site_usapaymentfile car_site_usapaymentfile_card_id_e0875a69_fk_car_site_usacard_id; Type: FK CONSTRAINT; Schema: public; Owner: postgres
--

ALTER TABLE ONLY public.car_site_usapaymentfile
    ADD CONSTRAINT car_site_usapaymentfile_card_id_e0875a69_fk_car_site_usacard_id FOREIGN KEY (card_id) REFERENCES public.car_site_usacard(id) DEFERRABLE INITIALLY DEFERRED;


--
-- Name: car_site_usaphoto car_site_usaphoto_card_id_80cc8ec5_fk_car_site_usacard_id; Type: FK CONSTRAINT; Schema: public; Owner: postgres
--

ALTER TABLE ONLY public.car_site_usaphoto
    ADD CONSTRAINT car_site_usaphoto_card_id_80cc8ec5_fk_car_site_usacard_id FOREIGN KEY (card_id) REFERENCES public.car_site_usacard(id) DEFERRABLE INITIALLY DEFERRED;


--
-- Name: car_site_usatakenphoto car_site_usatakenphoto_card_id_ab3c1221_fk_car_site_usacard_id; Type: FK CONSTRAINT; Schema: public; Owner: postgres
--

ALTER TABLE ONLY public.car_site_usatakenphoto
    ADD CONSTRAINT car_site_usatakenphoto_card_id_ab3c1221_fk_car_site_usacard_id FOREIGN KEY (card_id) REFERENCES public.car_site_usacard(id) DEFERRABLE INITIALLY DEFERRED;


--
-- Name: car_site_usatracking car_site_usatracking_card_id_d365225d_fk_car_site_usacard_id; Type: FK CONSTRAINT; Schema: public; Owner: postgres
--

ALTER TABLE ONLY public.car_site_usatracking
    ADD CONSTRAINT car_site_usatracking_card_id_d365225d_fk_car_site_usacard_id FOREIGN KEY (card_id) REFERENCES public.car_site_usacard(id) DEFERRABLE INITIALLY DEFERRED;


--
-- Name: car_site_userbalance car_site_userbalance_user_id_ecda3b4f_fk_car_site_advuser_id; Type: FK CONSTRAINT; Schema: public; Owner: postgres
--

ALTER TABLE ONLY public.car_site_userbalance
    ADD CONSTRAINT car_site_userbalance_user_id_ecda3b4f_fk_car_site_advuser_id FOREIGN KEY (user_id) REFERENCES public.car_site_advuser(id) DEFERRABLE INITIALLY DEFERRED;


--
-- Name: django_admin_log django_admin_log_content_type_id_c4bce8eb_fk_django_co; Type: FK CONSTRAINT; Schema: public; Owner: postgres
--

ALTER TABLE ONLY public.django_admin_log
    ADD CONSTRAINT django_admin_log_content_type_id_c4bce8eb_fk_django_co FOREIGN KEY (content_type_id) REFERENCES public.django_content_type(id) DEFERRABLE INITIALLY DEFERRED;


--
-- Name: django_admin_log django_admin_log_user_id_c564eba6_fk_car_site_advuser_id; Type: FK CONSTRAINT; Schema: public; Owner: postgres
--

ALTER TABLE ONLY public.django_admin_log
    ADD CONSTRAINT django_admin_log_user_id_c564eba6_fk_car_site_advuser_id FOREIGN KEY (user_id) REFERENCES public.car_site_advuser(id) DEFERRABLE INITIALLY DEFERRED;


--
-- PostgreSQL database dump complete
--

